Year,Team,Record,Winning Percentage,,,,,,,,,,,,,,,,,
2016-17,76ers,15-27,0.357,,,,,,,,,,,,,,,,,
2016-17,Bucks,20-23,0.465,,,,,,,,,,,,,,,,,
2016-17,Bulls,21-23,0.477,,,,,,,,,,,,,,,,,
2016-17,Cavaliers,30-12,0.714,,,,,,,,,,,,,,,,,
2016-17,Celtics,25-15,0.625,,,,,,,,,,,,,,,,,
2016-17,Clippers,29-16,0.644,,,,,,,,,,,,,,,,,
2016-17,Grizzlies,26-20,0.565,,,,,,,,,,,,,,,,,
2016-17,Hawks,23-17,0.575,,,,,,,,,,,,,,,,,
2016-17,Heat,14-30,0.318,,,,,,,,,,,,,,,,,
2016-17,Hornets,22-21,0.512,,,,,,,,,,,,,,,,,
2016-17,Jazz,29-16,0.644,,,,,,,,,,,,,,,,,
2016-17,Kings,16-27,0.372,,,,,,,,,,,,,,,,,
2016-17,Lakers,16-32,0.333,,,,,,,,,,,,,,,,,
2016-17,Magic,18-28,0.391,,,,,,,,,,,,,,,,,
2016-17,Mavericks,15-29,0.341,,,,,,,,,,,,,,,,,
2016-17,Nets,9-33,0.214,,,,,,,,,,,,,,,,,
2016-17,Nuggets,18-25,0.419,,,,,,,,,,,,,,,,,
2016-17,Pacers,22-21,0.512,,,,,,,,,,,,,,,,,
2016-17,Pelicans,17-27,0.386,,,,,,,,,,,,,,,,,
2016-17,Pistons,21-24,0.467,,,,,,,,,,,,,,,,,
2016-17,Raptors,28-16,0.636,,,,,,,,,,,,,,,,,
2016-17,Rockets,34-13,0.723,,,,,,,,,,,,,,,,,
2016-17,Spurs,34-9,0.791,,,,,,,,,,,,,,,,,
2016-17,Suns,15-29,0.341,,,,,,,,,,,,,,,,,
2016-17,Thunder,25-19,0.568,,,,,,,,,,,,,,,,,
2016-17,Timberwolves,16-28,0.364,,,,,,,,,,,,,,,,,
2016-17,Trail Blazers,19-27,0.413,,,,,,,,,,,,,,,,,
2016-17,Warriors,38-6,0.864,,,,,,,,,,,,,,,,,
2016-17,Wizards,23-20,0.535,,,,,,,,,,,,,,,,,
2015-16,76ers,10-72,0.122,,,,,,,,,,,,,,,,,
2015-16,Bucks,33-49,0.402,,,,,,,,,,,,,,,,,
2015-16,Bulls,42-40,0.512,,,,,,,,,,,,,,,,,
2015-16,Cavaliers,57-25,0.695,,,,,,,,,,,,,,,,,
2015-16,Celtics,48-34,0.585,,,,,,,,,,,,,,,,,
2015-16,Clippers,53-29,0.646,,,,,,,,,,,,,,,,,
2015-16,Grizzlies,42-40,0.512,,,,,,,,,,,,,,,,,
2015-16,Hawks,48-34,0.585,,,,,,,,,,,,,,,,,
2015-16,Heat,48-34,0.585,,,,,,,,,,,,,,,,,
2015-16,Hornets,48-34,0.585,,,,,,,,,,,,,,,,,
2015-16,Jazz,40-42,0.488,,,,,,,,,,,,,,,,,
2015-16,Kings,33-49,0.402,,,,,,,,,,,,,,,,,
2015-16,Lakers,17-65,0.207,,,,,,,,,,,,,,,,,
2015-16,Magic,35-47,0.427,,,,,,,,,,,,,,,,,
2015-16,Mavericks,42-40,0.512,,,,,,,,,,,,,,,,,
2015-16,Nets,21-61,0.256,,,,,,,,,,,,,,,,,
2015-16,Nuggets,33-49,0.402,,,,,,,,,,,,,,,,,
2015-16,Pacers,45-37,0.549,,,,,,,,,,,,,,,,,
2015-16,Pelicans,30-52,0.366,,,,,,,,,,,,,,,,,
2015-16,Pistons,44-38,0.537,,,,,,,,,,,,,,,,,
2015-16,Raptors,56-26,0.683,,,,,,,,,,,,,,,,,
2015-16,Rockets,41-41,0.5,,,,,,,,,,,,,,,,,
2015-16,Spurs,67-15,0.817,,,,,,,,,,,,,,,,,
2015-16,Suns,23-59,0.28,,,,,,,,,,,,,,,,,
2015-16,Thunder,55-27,0.671,,,,,,,,,,,,,,,,,
2015-16,Timberwolves,29-53,0.354,,,,,,,,,,,,,,,,,
2015-16,Trail Blazers,44-38,0.537,,,,,,,,,,,,,,,,,
2015-16,Warriors,73-9,0.89,,,,,,,,,,,,,,,,,
2015-16,Wizards,41-41,0.5,,,,,,,,,,,,,,,,,
2014-15,76ers,18-64,0.22,,,,,,,,,,,,,,,,,
2014-15,Bucks,41-41,0.5,,,,,,,,,,,,,,,,,
2014-15,Bulls,50-32,0.61,,,,,,,,,,,,,,,,,
2014-15,Cavaliers,53-29,0.646,,,,,,,,,,,,,,,,,
2014-15,Celtics,40-42,0.488,,,,,,,,,,,,,,,,,
2014-15,Clippers,56-26,0.683,,,,,,,,,,,,,,,,,
2014-15,Grizzlies,55-27,0.671,,,,,,,,,,,,,,,,,
2014-15,Hawks,60-22,0.732,,,,,,,,,,,,,,,,,
2014-15,Heat,37-45,0.451,,,,,,,,,,,,,,,,,
2014-15,Hornets,33-49,0.402,,,,,,,,,,,,,,,,,
2014-15,Jazz,38-44,0.463,,,,,,,,,,,,,,,,,
2014-15,Kings,29-53,0.354,,,,,,,,,,,,,,,,,
2014-15,Knicks,17-65,0.207,,,,,,,,,,,,,,,,,
2014-15,Lakers,21-61,0.256,,,,,,,,,,,,,,,,,
2014-15,Magic,25-57,0.305,,,,,,,,,,,,,,,,,
2014-15,Mavericks,50-32,0.61,,,,,,,,,,,,,,,,,
2014-15,Nets,38-44,0.463,,,,,,,,,,,,,,,,,
2014-15,Nuggets,30-52,0.366,,,,,,,,,,,,,,,,,
2014-15,Pacers,38-44,0.463,,,,,,,,,,,,,,,,,
2014-15,Pelicans,45-37,0.549,,,,,,,,,,,,,,,,,
2014-15,Pistons,32-50,0.39,,,,,,,,,,,,,,,,,
2014-15,Raptors,49-33,0.598,,,,,,,,,,,,,,,,,
2014-15,Rockets,56-26,0.683,,,,,,,,,,,,,,,,,
2014-15,Spurs,55-27,0.671,,,,,,,,,,,,,,,,,
2014-15,Suns,39-43,0.476,,,,,,,,,,,,,,,,,
2014-15,Thunder,45-37,0.549,,,,,,,,,,,,,,,,,
2014-15,Timberwolves,16-66,0.195,,,,,,,,,,,,,,,,,
2014-15,Trail Blazers,51-31,0.622,,,,,,,,,,,,,,,,,
2014-15,Warriors,67-15,0.817,,,,,,,,,,,,,,,,,
2014-15,Wizards,46-36,0.561,,,,,,,,,,,,,,,,,
2013-14,76ers,19-63,0.232,,,,,,,,,,,,,,,,,
2013-14,Bobcats,43-39,0.524,,,,,,,,,,,,,,,,,
2013-14,Bucks,15-67,0.183,,,,,,,,,,,,,,,,,
2013-14,Bulls,48-34,0.585,,,,,,,,,,,,,,,,,
2013-14,Cavaliers,33-49,0.402,,,,,,,,,,,,,,,,,
2013-14,Celtics,25-57,0.305,,,,,,,,,,,,,,,,,
2013-14,Clippers,57-25,0.695,,,,,,,,,,,,,,,,,
2013-14,Grizzlies,50-32,0.61,,,,,,,,,,,,,,,,,
2013-14,Hawks,38-44,0.463,,,,,,,,,,,,,,,,,
2013-14,Heat,54-28,0.659,,,,,,,,,,,,,,,,,
2013-14,Jazz,25-57,0.305,,,,,,,,,,,,,,,,,
2013-14,Kings,28-54,0.341,,,,,,,,,,,,,,,,,
2013-14,Knicks,37-45,0.451,,,,,,,,,,,,,,,,,
2013-14,Lakers,27-55,0.329,,,,,,,,,,,,,,,,,
2013-14,Magic,23-59,0.28,,,,,,,,,,,,,,,,,
2013-14,Mavericks,49-33,0.598,,,,,,,,,,,,,,,,,
2013-14,Nets,44-38,0.537,,,,,,,,,,,,,,,,,
2013-14,Nuggets,36-46,0.439,,,,,,,,,,,,,,,,,
2013-14,Pacers,56-26,0.683,,,,,,,,,,,,,,,,,
2013-14,Pelicans,34-48,0.415,,,,,,,,,,,,,,,,,
2013-14,Pistons,29-53,0.354,,,,,,,,,,,,,,,,,
2013-14,Raptors,48-34,0.585,,,,,,,,,,,,,,,,,
2013-14,Rockets,54-28,0.659,,,,,,,,,,,,,,,,,
2013-14,Spurs,62-20,0.756,,,,,,,,,,,,,,,,,
2013-14,Suns,48-34,0.585,,,,,,,,,,,,,,,,,
2013-14,Thunder,59-23,0.72,,,,,,,,,,,,,,,,,
2013-14,Timberwolves,40-42,0.488,,,,,,,,,,,,,,,,,
2013-14,Trail Blazers,54-28,0.659,,,,,,,,,,,,,,,,,
2013-14,Warriors,51-31,0.622,,,,,,,,,,,,,,,,,
2013-14,Wizards,44-38,0.537,,,,,,,,,,,,,,,,,
2012-13,76ers,34-48,0.415,,,,,,,,,,,,,,,,,
2012-13,Bobcats,21-61,0.256,,,,,,,,,,,,,,,,,
2012-13,Bucks,38-44,0.463,,,,,,,,,,,,,,,,,
2012-13,Bulls,45-37,0.549,,,,,,,,,,,,,,,,,
2012-13,Cavaliers,24-58,0.293,,,,,,,,,,,,,,,,,
2012-13,Celtics,41-40,0.506,,,,,,,,,,,,,,,,,
2012-13,Clippers,56-26,0.683,,,,,,,,,,,,,,,,,
2012-13,Grizzlies,56-26,0.683,,,,,,,,,,,,,,,,,
2012-13,Hawks,44-38,0.537,,,,,,,,,,,,,,,,,
2012-13,Heat,66-16,0.805,,,,,,,,,,,,,,,,,
2012-13,Hornets,27-55,0.329,,,,,,,,,,,,,,,,,
2012-13,Jazz,43-39,0.524,,,,,,,,,,,,,,,,,
2012-13,Kings,28-54,0.341,,,,,,,,,,,,,,,,,
2012-13,Knicks,54-28,0.659,,,,,,,,,,,,,,,,,
2012-13,Lakers,45-37,0.549,,,,,,,,,,,,,,,,,
2012-13,Magic,20-62,0.244,,,,,,,,,,,,,,,,,
2012-13,Mavericks,41-41,0.5,,,,,,,,,,,,,,,,,
2012-13,Nets,49-33,0.598,,,,,,,,,,,,,,,,,
2012-13,Nuggets,57-25,0.695,,,,,,,,,,,,,,,,,
2012-13,Pacers,49-32,0.605,,,,,,,,,,,,,,,,,
2012-13,Pistons,29-53,0.354,,,,,,,,,,,,,,,,,
2012-13,Raptors,34-48,0.415,,,,,,,,,,,,,,,,,
2012-13,Rockets,45-37,0.549,,,,,,,,,,,,,,,,,
2012-13,Spurs,58-24,0.707,,,,,,,,,,,,,,,,,
2012-13,Suns,25-57,0.305,,,,,,,,,,,,,,,,,
2012-13,Thunder,60-22,0.732,,,,,,,,,,,,,,,,,
2012-13,Timberwolves,31-51,0.378,,,,,,,,,,,,,,,,,
2012-13,Trail Blazers,33-49,0.402,,,,,,,,,,,,,,,,,
2012-13,Warriors,47-35,0.573,,,,,,,,,,,,,,,,,
2012-13,Wizards,29-53,0.354,,,,,,,,,,,,,,,,,
2011-12 *,76ers,35-31,0.53,,,,,,,,,,,,,,,,,
2011-12 *,Bobcats,7-59,0.106,,,,,,,,,,,,,,,,,
2011-12 *,Bucks,31-35,0.47,,,,,,,,,,,,,,,,,
2011-12 *,Bulls,50-16,0.758,,,,,,,,,,,,,,,,,
2011-12 *,Cavaliers,21-45,0.318,,,,,,,,,,,,,,,,,
2011-12 *,Celtics,39-27,0.591,,,,,,,,,,,,,,,,,
2011-12 *,Clippers,40-26,0.606,,,,,,,,,,,,,,,,,
2011-12 *,Grizzlies,41-25,0.621,,,,,,,,,,,,,,,,,
2011-12 *,Hawks,40-26,0.606,,,,,,,,,,,,,,,,,
2011-12 *,Heat,46-20,0.697,,,,,,,,,,,,,,,,,
2011-12 *,Hornets,21-45,0.318,,,,,,,,,,,,,,,,,
2011-12 *,Jazz,36-30,0.545,,,,,,,,,,,,,,,,,
2011-12 *,Kings,22-44,0.333,,,,,,,,,,,,,,,,,
2011-12 *,Knicks,36-30,0.545,,,,,,,,,,,,,,,,,
2011-12 *,Lakers,41-25,0.621,,,,,,,,,,,,,,,,,
2011-12 *,Magic,37-29,0.561,,,,,,,,,,,,,,,,,
2011-12 *,Mavericks,36-30,0.545,,,,,,,,,,,,,,,,,
2011-12 *,Nets,22-44,0.333,,,,,,,,,,,,,,,,,
2011-12 *,Nuggets,38-28,0.576,,,,,,,,,,,,,,,,,
2011-12 *,Pacers,42-24,0.636,,,,,,,,,,,,,,,,,
2011-12 *,Pistons,25-41,0.379,,,,,,,,,,,,,,,,,
2011-12 *,Raptors,23-43,0.348,,,,,,,,,,,,,,,,,
2011-12 *,Rockets,34-32,0.515,,,,,,,,,,,,,,,,,
2011-12 *,Spurs,50-16,0.758,,,,,,,,,,,,,,,,,
2011-12 *,Suns,33-33,0.5,,,,,,,,,,,,,,,,,
2011-12 *,Thunder,47-19,0.712,,,,,,,,,,,,,,,,,
2011-12 *,Timberwolves,26-40,0.394,,,,,,,,,,,,,,,,,
2011-12 *,Trail Blazers,28-38,0.424,,,,,,,,,,,,,,,,,
2011-12 *,Warriors,23-43,0.348,,,,,,,,,,,,,,,,,
2011-12 *,Wizards,20-46,0.303,,,,,,,,,,,,,,,,,
1999-00,76ers,49-33,0.598,,,,,,,,,,,,,,,,,
1999-00,Bucks,42-40,0.512,,,,,,,,,,,,,,,,,
1999-00,Bulls,17-65,0.207,,,,,,,,,,,,,,,,,
1999-00,Cavaliers,32-50,0.39,,,,,,,,,,,,,,,,,
1999-00,Celtics,35-47,0.427,,,,,,,,,,,,,,,,,
1999-00,Clippers,15-67,0.183,,,,,,,,,,,,,,,,,
1999-00,Grizzlies,22-60,0.268,,,,,,,,,,,,,,,,,
1999-00,Hawks,28-54,0.341,,,,,,,,,,,,,,,,,
1999-00,Heat,52-30,0.634,,,,,,2010-11,,,,,,,,,,,
1999-00,Hornets,49-33,0.598,,,,,,2009-10,,,,,,,,,,,
1999-00,Jazz,55-27,0.671,,,,,,2008-09,,,,,,,,,,,
1999-00,Kings,44-38,0.537,,,,,,2007-08,,,,,,,,,,,
1999-00,Knicks,50-32,0.61,,,,,,2006-07,,,,,,,,,,,
1999-00,Lakers,67-15,0.817,,,,,,2005-06,,,,,,,,,,,
1999-00,Magic,41-41,0.5,,,,,,2004-05,,,,,,,,,,,
1999-00,Mavericks,40-42,0.488,,,,,,2003-04,,,,,,,,,,,
1999-00,Nets,31-51,0.378,,,,,,2002-03,,,,,,,,,,,
1999-00,Nuggets,35-47,0.427,,,,,,2001-02,,,,,,,,,,,
1999-00,Pacers,56-26,0.683,,,,,,2000-01,,,,,,,,,,,
1999-00,Pistons,42-40,0.512,,,,,,,,,,,,,,,,,
1999-00,Raptors,45-37,0.549,,,,,,,,,,,,,,,,,
1999-00,Rockets,34-48,0.415,,,,,,,,,,,,,,,,,
1999-00,Spurs,53-29,0.646,,,,,,,,,,,,,,,,,
1999-00,Suns,53-29,0.646,,,,,,,,,,,,,,,,,
1999-00,Supersonics,45-37,0.549,,,,,,,,,,,,,,,,,
1999-00,Timberwolves,50-32,0.61,,,,,,,,,,,,,,,,,
1999-00,Trail Blazers,59-23,0.72,,,,,,,,,,,,,,,,,
1999-00,Warriors,19-63,0.232,,,,,,,,,,,,,,,,,
1999-00,Wizards,29-53,0.354,,,,,,,,,,,,,,,,,
1998-99 *,76ers,28-22,0.56,,,,,,,,,,,,,,,,,
1998-99 *,Bucks,28-22,0.56,,,,,,,,,,,,,,,,,
1998-99 *,Bulls,13-37,0.26,,,,,,,,,,,,,,,,,
1998-99 *,Cavaliers,22-28,0.44,,,,,,,,,,,,,,,,,
1998-99 *,Celtics,19-31,0.38,,,,,,,,,,,,,,,,,
1998-99 *,Clippers,9-41,0.18,,,,,,,,,,,,,,,,,
1998-99 *,Grizzlies,8-42,0.16,,,,,,,,,,,,,,,,,
1998-99 *,Hawks,31-19,0.62,,,,,,,,,,,,,,,,,
1998-99 *,Heat,33-17,0.66,,,,,,,,,,,,,,,,,
1998-99 *,Hornets,26-24,0.52,,,,,,,,,,,,,,,,,
1998-99 *,Jazz,37-13,0.74,,,,,,,,,,,,,,,,,
1998-99 *,Kings,27-23,0.54,,,,,,,,,,,,,,,,,
1998-99 *,Knicks,27-23,0.54,,,,,,,,,,,,,,,,,
1998-99 *,Lakers,31-19,0.62,,,,,,,,,,,,,,,,,
1998-99 *,Magic,33-17,0.66,,,,,,,,,,,,,,,,,
1998-99 *,Mavericks,19-31,0.38,,,,,,,,,,,,,,,,,
1998-99 *,Nets,16-34,0.32,,,,,,,,,,,,,,,,,
1998-99 *,Nuggets,14-36,0.28,,,,,,,,,,,,,,,,,
1998-99 *,Pacers,33-17,0.66,,,,,,,,,,,,,,,,,
1998-99 *,Pistons,29-21,0.58,,,,,,,,,,,,,,,,,
1998-99 *,Raptors,23-27,0.46,,,,,,,,,,,,,,,,,
1998-99 *,Rockets,31-19,0.62,,,,,,,,,,,,,,,,,
1998-99 *,Spurs,37-13,0.74,,,,,,,,,,,,,,,,,
1998-99 *,Suns,27-23,0.54,,,,,,,,,,,,,,,,,
1998-99 *,Supersonics,25-25,0.5,,,,,,,,,,,,,,,,,
1998-99 *,Timberwolves,25-25,0.5,,,,,,,,,,,,,,,,,
1998-99 *,Trail Blazers,35-15,0.7,,,,,,,,,,,,,,,,,
1998-99 *,Warriors,21-29,0.42,,,,,,,,,,,,,,,,,
1998-99 *,Wizards,18-32,0.36,,,,,,,,,,,,,,,,,
1997-98,76ers,31-51,0.378,,,,,,,,,,,,,,,,,
1997-98,Bucks,36-46,0.439,,,,,,,,,,,,,,,,,
1997-98,Bulls,62-20,0.756,,,,,,,,,,,,,,,,,
1997-98,Cavaliers,47-35,0.573,,,,,,,,,,,,,,,,,
1997-98,Celtics,36-46,0.439,,,,,,,,,,,,,,,,,
1997-98,Clippers,17-65,0.207,,,,,,,,,,,,,,,,,
1997-98,Grizzlies,19-63,0.232,,,,,,,,,,,,,,,,,
1997-98,Hawks,50-32,0.61,,,,,,,,,,,,,,,,,
1997-98,Heat,55-27,0.671,,,,,,,,,,,,,,,,,
1997-98,Hornets,51-31,0.622,,,,,,,,,,,,,,,,,
1997-98,Jazz,62-20,0.756,,,,,,,,,,,,,,,,,
1997-98,Kings,27-55,0.329,,,,,,,,,,,,,,,,,
1997-98,Knicks,43-39,0.524,,,,,,,,,,,,,,,,,
1997-98,Lakers,61-21,0.744,,,,,,,,,,,,,,,,,
1997-98,Magic,41-41,0.5,,,,,,,,,,,,,,,,,
1997-98,Mavericks,20-62,0.244,,,,,,,,,,,,,,,,,
1997-98,Nets,43-39,0.524,,,,,,,,,,,,,,,,,
1997-98,Nuggets,11-71,0.134,,,,,,,,,,,,,,,,,
1997-98,Pacers,58-24,0.707,,,,,,,,,,,,,,,,,
1997-98,Pistons,37-45,0.451,,,,,,,,,,,,,,,,,
1997-98,Raptors,16-66,0.195,,,,,,,,,,,,,,,,,
1997-98,Rockets,41-41,0.5,,,,,,,,,,,,,,,,,
1997-98,Spurs,56-26,0.683,,,,,,,,,,,,,,,,,
1997-98,Suns,56-26,0.683,,,,,,,,,,,,,,,,,
1997-98,Supersonics,61-21,0.744,,,,,,,,,,,,,,,,,
1997-98,Timberwolves,45-37,0.549,,,,,,,,,,,,,,,,,
1997-98,Trail Blazers,46-36,0.561,,,,,,,,,,,,,,,,,
1997-98,Warriors,19-63,0.232,,,,,,,,,,,,,,,,,
1997-98,Wizards,42-40,0.512,,,,,,,,,,,,,,,,,
1996-97,76ers,22-60,0.268,,,,,,,,,,,,,,,,,
1996-97,Bucks,33-49,0.402,,,,,,,,,,,,,,,,,
1996-97,Bullets,44-38,0.537,,,,,,,,,,,,,,,,,
1996-97,Bulls,69-13,0.841,,,,,,,,,,,,,,,,,
1996-97,Cavaliers,42-40,0.512,,,,,,,,,,,,,,,,,
1996-97,Celtics,15-67,0.183,,,,,,,,,,,,,,,,,
1996-97,Clippers,36-46,0.439,,,,,,,,,,,,,,,,,
1996-97,Grizzlies,14-68,0.171,,,,,,,,,,,,,,,,,
1996-97,Hawks,56-26,0.683,,,,,,,,,,,,,,,,,
1996-97,Heat,61-21,0.744,,,,,,,,,,,,,,,,,
1996-97,Hornets,54-28,0.659,,,,,,,,,,,,,,,,,
1996-97,Jazz,64-18,0.78,,,,,,,,,,,,,,,,,
1996-97,Kings,34-48,0.415,,,,,,,,,,,,,,,,,
1996-97,Knicks,57-25,0.695,,,,,,,,,,,,,,,,,
1996-97,Lakers,56-26,0.683,,,,,,,,,,,,,,,,,
1996-97,Magic,45-37,0.549,,,,,,,,,,,,,,,,,
1996-97,Mavericks,24-58,0.293,,,,,,,,,,,,,,,,,
1996-97,Nets,26-56,0.317,,,,,,,,,,,,,,,,,
1996-97,Nuggets,21-61,0.256,,,,,,,,,,,,,,,,,
1996-97,Pacers,39-43,0.476,,,,,,,,,,,,,,,,,
1996-97,Pistons,54-28,0.659,,,,,,,,,,,,,,,,,
1996-97,Raptors,30-52,0.366,,,,,,,,,,,,,,,,,
1996-97,Rockets,57-25,0.695,,,,,,,,,,,,,,,,,
1996-97,Spurs,20-62,0.244,,,,,,,,,,,,,,,,,
1996-97,Suns,40-42,0.488,,,,,,,,,,,,,,,,,
1996-97,Supersonics,57-25,0.695,,,,,,,,,,,,,,,,,
1996-97,Timberwolves,40-42,0.488,,,,,,,,,,,,,,,,,
1996-97,Trail Blazers,49-33,0.598,,,,,,,,,,,,,,,,,
1996-97,Warriors,30-52,0.366,,,,,,,,,,,,,,,,,
1995-96,76ers,18-64,0.22,,,,,,,,,,,,,,,,,
1995-96,Bucks,25-57,0.305,,,,,,,,,,,,,,,,,
1995-96,Bullets,39-43,0.476,,,,,,,,,,,,,,,,,
1995-96,Bulls,72-10,0.878,,,,,,,,,,,,,,,,,
1995-96,Cavaliers,47-35,0.573,,,,,,,,,,,,,,,,,
1995-96,Celtics,33-49,0.402,,,,,,,,,,,,,,,,,
1995-96,Clippers,29-53,0.354,,,,,,,,,,,,,,,,,
1995-96,Grizzlies,15-67,0.183,,,,,,,,,,,,,,,,,
1995-96,Hawks,46-36,0.561,,,,,,,,,,,,,,,,,
1995-96,Heat,42-40,0.512,,,,,,,,,,,,,,,,,
1995-96,Hornets,41-41,0.5,,,,,,,,,,,,,,,,,
1995-96,Jazz,55-27,0.671,,,,,,,,,,,,,,,,,
1995-96,Kings,39-43,0.476,,,,,,,,,,,,,,,,,
1995-96,Knicks,47-35,0.573,,,,,,,,,,,,,,,,,
1995-96,Lakers,53-29,0.646,,,,,,,,,,,,,,,,,
1995-96,Magic,60-22,0.732,,,,,,,,,,,,,,,,,
1995-96,Mavericks,26-56,0.317,,,,,,,,,,,,,,,,,
1995-96,Nets,30-52,0.366,,,,,,,,,,,,,,,,,
1995-96,Nuggets,35-47,0.427,,,,,,,,,,,,,,,,,
1995-96,Pacers,52-30,0.634,,,,,,,,,,,,,,,,,
1995-96,Pistons,46-36,0.561,,,,,,,,,,,,,,,,,
1995-96,Raptors,21-61,0.256,,,,,,,,,,,,,,,,,
1995-96,Rockets,48-34,0.585,,,,,,,,,,,,,,,,,
1995-96,Spurs,59-23,0.72,,,,,,,,,,,,,,,,,
1995-96,Suns,41-41,0.5,,,,,,,,,,,,,,,,,
1995-96,Supersonics,64-18,0.78,,,,,,,,,,,,,,,,,
1995-96,Timberwolves,26-56,0.317,,,,,,,,,,,,,,,,,
1995-96,Trail Blazers,44-38,0.537,,,,,,,,,,,,,,,,,
1995-96,Warriors,36-46,0.439,,,,,,,,,,,,,,,,,
1994-95,76ers,24-58,0.293,,,,,,,,,,,,,,,,,
1994-95,Bucks,34-48,0.415,,,,,,,,,,,,,,,,,
1994-95,Bullets,21-61,0.256,,,,,,,,,,,,,,,,,
1994-95,Bulls,47-35,0.573,,,,,,,,,,,,,,,,,
1994-95,Cavaliers,43-39,0.524,,,,,,,,,,,,,,,,,
1994-95,Celtics,35-47,0.427,,,,,,,,,,,,,,,,,
1994-95,Clippers,17-65,0.207,,,,,,,,,,,,,,,,,
1994-95,Hawks,42-40,0.512,,,,,,,,,,,,,,,,,
1994-95,Heat,32-50,0.39,,,,,,,,,,,,,,,,,
1994-95,Hornets,50-32,0.61,,,,,,,,,,,,,,,,,
1994-95,Jazz,60-22,0.732,,,,,,,,,,,,,,,,,
1994-95,Kings,39-43,0.476,,,,,,,,,,,,,,,,,
1994-95,Knicks,55-27,0.671,,,,,,,,,,,,,,,,,
1994-95,Lakers,48-34,0.585,,,,,,,,,,,,,,,,,
1994-95,Magic,57-25,0.695,,,,,,,,,,,,,,,,,
1994-95,Mavericks,36-46,0.439,,,,,,,,,,,,,,,,,
1994-95,Nets,30-52,0.366,,,,,,,,,,,,,,,,,
1994-95,Nuggets,41-41,0.5,,,,,,,,,,,,,,,,,
1994-95,Pacers,52-30,0.634,,,,,,,,,,,,,,,,,
1994-95,Pistons,28-54,0.341,,,,,,,,,,,,,,,,,
1994-95,Rockets,47-35,0.573,,,,,,,,,,,,,,,,,
1994-95,Spurs,62-20,0.756,,,,,,,,,,,,,,,,,
1994-95,Suns,59-23,0.72,,,,,,,,,,,,,,,,,
1994-95,Supersonics,57-25,0.695,,,,,,,,,,,,,,,,,
1994-95,Timberwolves,21-61,0.256,,,,,,,,,,,,,,,,,
1994-95,Trail Blazers,44-38,0.537,,,,,,,,,,,,,,,,,
1994-95,Warriors,26-56,0.317,,,,,,,,,,,,,,,,,
1993-94,76ers,25-57,0.305,,,,,,,,,,,,,,,,,
1993-94,Bucks,20-62,0.244,,,,,,,,,,,,,,,,,
1993-94,Bullets,24-58,0.293,,,,,,,,,,,,,,,,,
1993-94,Bulls,55-27,0.671,,,,,,,,,,,,,,,,,
1993-94,Cavaliers,47-35,0.573,,,,,,,,,,,,,,,,,
1993-94,Celtics,32-50,0.39,,,,,,,,,,,,,,,,,
1993-94,Clippers,27-55,0.329,,,,,,,,,,,,,,,,,
1993-94,Hawks,57-25,0.695,,,,,,,,,,,,,,,,,
1993-94,Heat,42-40,0.512,,,,,,,,,,,,,,,,,
1993-94,Hornets,41-41,0.5,,,,,,,,,,,,,,,,,
1993-94,Jazz,53-29,0.646,,,,,,,,,,,,,,,,,
1993-94,Kings,28-54,0.341,,,,,,,,,,,,,,,,,
1993-94,Knicks,57-25,0.695,,,,,,,,,,,,,,,,,
1993-94,Lakers,33-49,0.402,,,,,,,,,,,,,,,,,
1993-94,Magic,50-32,0.61,,,,,,,,,,,,,,,,,
1993-94,Mavericks,13-69,0.159,,,,,,,,,,,,,,,,,
1993-94,Nets,45-37,0.549,,,,,,,,,,,,,,,,,
1993-94,Nuggets,42-40,0.512,,,,,,,,,,,,,,,,,
1993-94,Pacers,47-35,0.573,,,,,,,,,,,,,,,,,
1993-94,Pistons,20-62,0.244,,,,,,,,,,,,,,,,,
1993-94,Rockets,58-24,0.707,,,,,,,,,,,,,,,,,
1993-94,Spurs,55-27,0.671,,,,,,,,,,,,,,,,,
1993-94,Suns,56-26,0.683,,,,,,,,,,,,,,,,,
1993-94,Supersonics,63-19,0.768,,,,,,,,,,,,,,,,,
1993-94,Timberwolves,20-62,0.244,,,,,,,,,,,,,,,,,
1993-94,Trail Blazers,47-35,0.573,,,,,,,,,,,,,,,,,
1993-94,Warriors,50-32,0.61,,,,,,,,,,,,,,,,,
1992-93,76ers,26-56,0.317,,,,,,,,,,,,,,,,,
1992-93,Bucks,28-54,0.341,,,,,,,,,,,,,,,,,
1992-93,Bullets,22-60,0.268,,,,,,,,,,,,,,,,,
1992-93,Bulls,57-25,0.695,,,,,,,,,,,,,,,,,
1992-93,Cavaliers,54-28,0.659,,,,,,,,,,,,,,,,,
1992-93,Celtics,48-34,0.585,,,,,,,,,,,,,,,,,
1992-93,Clippers,41-41,0.5,,,,,,,,,,,,,,,,,
1992-93,Hawks,43-39,0.524,,,,,,,,,,,,,,,,,
1992-93,Heat,36-46,0.439,,,,,,,,,,,,,,,,,
1992-93,Hornets,44-38,0.537,,,,,,,,,,,,,,,,,
1992-93,Jazz,47-35,0.573,,,,,,,,,,,,,,,,,
1992-93,Kings,25-57,0.305,,,,,,,,,,,,,,,,,
1992-93,Knicks,60-22,0.732,,,,,,,,,,,,,,,,,
1992-93,Lakers,39-43,0.476,,,,,,,,,,,,,,,,,
1992-93,Magic,41-41,0.5,,,,,,,,,,,,,,,,,
1992-93,Mavericks,11-71,0.134,,,,,,,,,,,,,,,,,
1992-93,Nets,43-39,0.524,,,,,,,,,,,,,,,,,
1992-93,Nuggets,36-46,0.439,,,,,,,,,,,,,,,,,
1992-93,Pacers,41-41,0.5,,,,,,,,,,,,,,,,,
1992-93,Pistons,40-42,0.488,,,,,,,,,,,,,,,,,
1992-93,Rockets,55-27,0.671,,,,,,,,,,,,,,,,,
1992-93,Spurs,49-33,0.598,,,,,,,,,,,,,,,,,
1992-93,Suns,62-20,0.756,,,,,,,,,,,,,,,,,
1992-93,Supersonics,55-27,0.671,,,,,,,,,,,,,,,,,
1992-93,Timberwolves,19-63,0.232,,,,,,,,,,,,,,,,,
1992-93,Trail Blazers,51-31,0.622,,,,,,,,,,,,,,,,,
1992-93,Warriors,34-48,0.415,,,,,,,,,,,,,,,,,
1991-92,76ers,35-47,0.427,,,,,,,,,,,,,,,,,
1991-92,Bucks,31-51,0.378,,,,,,,,,,,,,,,,,
1991-92,Bullets,25-57,0.305,,,,,,,,,,,,,,,,,
1991-92,Bulls,67-15,0.817,,,,,,,,,,,,,,,,,
1991-92,Cavaliers,57-25,0.695,,,,,,,,,,,,,,,,,
1991-92,Celtics,51-31,0.622,,,,,,,,,,,,,,,,,
1991-92,Clippers,45-37,0.549,,,,,,,,,,,,,,,,,
1991-92,Hawks,38-44,0.463,,,,,,,,,,,,,,,,,
1991-92,Heat,38-44,0.463,,,,,,,,,,,,,,,,,
1991-92,Hornets,31-51,0.378,,,,,,,,,,,,,,,,,
1991-92,Jazz,55-27,0.671,,,,,,,,,,,,,,,,,
1991-92,Kings,29-53,0.354,,,,,,,,,,,,,,,,,
1991-92,Knicks,51-31,0.622,,,,,,,,,,,,,,,,,
1991-92,Lakers,43-39,0.524,,,,,,,,,,,,,,,,,
1991-92,Magic,21-61,0.256,,,,,,,,,,,,,,,,,
1991-92,Mavericks,22-60,0.268,,,,,,,,,,,,,,,,,
1991-92,Nets,40-42,0.488,,,,,,,,,,,,,,,,,
1991-92,Nuggets,24-58,0.293,,,,,,,,,,,,,,,,,
1991-92,Pacers,40-42,0.488,,,,,,,,,,,,,,,,,
1991-92,Pistons,48-34,0.585,,,,,,,,,,,,,,,,,
1991-92,Rockets,42-40,0.512,,,,,,,,,,,,,,,,,
1991-92,Spurs,47-35,0.573,,,,,,,,,,,,,,,,,
1991-92,Suns,53-29,0.646,,,,,,,,,,,,,,,,,
1991-92,Supersonics,47-35,0.573,,,,,,,,,,,,,,,,,
1991-92,Timberwolves,15-67,0.183,,,,,,,,,,,,,,,,,
1991-92,Trail Blazers,57-25,0.695,,,,,,,,,,,,,,,,,
1991-92,Warriors,55-27,0.671,,,,,,,,,,,,,,,,,
1990-91,76ers,44-38,0.537,,,,,,,,,,,,,,,,,
1990-91,Bucks,48-34,0.585,,,,,,,,,,,,,,,,,
1990-91,Bullets,30-52,0.366,,,,,,,,,,,,,,,,,
1990-91,Bulls,61-21,0.744,,,,,,,,,,,,,,,,,
1990-91,Cavaliers,33-49,0.402,,,,,,,,,,,,,,,,,
1990-91,Celtics,56-26,0.683,,,,,,,,,,,,,,,,,
1990-91,Clippers,31-51,0.378,,,,,,,,,,,,,,,,,
1990-91,Hawks,43-39,0.524,,,,,,,,,,,,,,,,,
1990-91,Heat,24-58,0.293,,,,,,,,,,,,,,,,,
1990-91,Hornets,26-56,0.317,,,,,,,,,,,,,,,,,
1990-91,Jazz,54-28,0.659,,,,,,,,,,,,,,,,,
1990-91,Kings,25-57,0.305,,,,,,,,,,,,,,,,,
1990-91,Knicks,39-43,0.476,,,,,,,,,,,,,,,,,
1990-91,Lakers,58-24,0.707,,,,,,,,,,,,,,,,,
1990-91,Magic,31-51,0.378,,,,,,,,,,,,,,,,,
1990-91,Mavericks,28-54,0.341,,,,,,,,,,,,,,,,,
1990-91,Nets,26-56,0.317,,,,,,,,,,,,,,,,,
1990-91,Nuggets,20-62,0.244,,,,,,,,,,,,,,,,,
1990-91,Pacers,41-41,0.5,,,,,,,,,,,,,,,,,
1990-91,Pistons,50-32,0.61,,,,,,,,,,,,,,,,,
1990-91,Rockets,52-30,0.634,,,,,,,,,,,,,,,,,
1990-91,Spurs,55-27,0.671,,,,,,,,,,,,,,,,,
1990-91,Suns,55-27,0.671,,,,,,,,,,,,,,,,,
1990-91,Supersonics,41-41,0.5,,,,,,,,,,,,,,,,,
1990-91,Timberwolves,29-53,0.354,,,,,,,,,,,,,,,,,
1990-91,Trail Blazers,63-19,0.768,,,,,,,,,,,,,,,,,
1990-91,Warriors,44-38,0.537,,,,,,,,,,,,,,,,,
1989-90,76ers,53-29,0.646,,,,,,,,,,,,,,,,,
1989-90,Bucks,44-38,0.537,,,,,,,,,,,,,,,,,
1989-90,Bullets,31-51,0.378,,,,,,,,,,,,,,,,,
1989-90,Bulls,55-27,0.671,,,,,,,,,,,,,,,,,
1989-90,Cavaliers,42-40,0.512,,,,,,,,,,,,,,,,,
1989-90,Celtics,52-30,0.634,,,,,,,,,,,,,,,,,
1989-90,Clippers,30-52,0.366,,,,,,,,,,,,,,,,,
1989-90,Hawks,41-41,0.5,,,,,,,,,,,,,,,,,
1989-90,Heat,18-64,0.22,,,,,,,,,,,,,,,,,
1989-90,Hornets,19-63,0.232,,,,,,,,,,,,,,,,,
1989-90,Jazz,55-27,0.671,,,,,,,,,,,,,,,,,
1989-90,Kings,23-59,0.28,,,,,,,,,,,,,,,,,
1989-90,Knicks,45-37,0.549,,,,,,,,,,,,,,,,,
1989-90,Lakers,63-19,0.768,,,,,,,,,,,,,,,,,
1989-90,Magic,18-64,0.22,,,,,,,,,,,,,,,,,
1989-90,Mavericks,47-35,0.573,,,,,,,,,,,,,,,,,
1989-90,Nets,17-65,0.207,,,,,,,,,,,,,,,,,
1989-90,Nuggets,43-39,0.524,,,,,,,,,,,,,,,,,
1989-90,Pacers,42-40,0.512,,,,,,,,,,,,,,,,,
1989-90,Pistons,59-23,0.72,,,,,,,,,,,,,,,,,
1989-90,Rockets,41-41,0.5,,,,,,,,,,,,,,,,,
1989-90,Spurs,56-26,0.683,,,,,,,,,,,,,,,,,
1989-90,Suns,54-28,0.659,,,,,,,,,,,,,,,,,
1989-90,Supersonics,41-41,0.5,,,,,,,,,,,,,,,,,
1989-90,Timberwolves,22-60,0.268,,,,,,,,,,,,,,,,,
1989-90,Trail Blazers,59-23,0.72,,,,,,,,,,,,,,,,,
1989-90,Warriors,37-45,0.451,,,,,,,,,,,,,,,,,
1988-89,76ers,46-36,0.561,,,,,,,,,,,,,,,,,
1988-89,Bucks,49-33,0.598,,,,,,,,,,,,,,,,,
1988-89,Bullets,40-42,0.488,,,,,,,,,,,,,,,,,
1988-89,Bulls,47-35,0.573,,,,,,,,,,,,,,,,,
1988-89,Cavaliers,57-25,0.695,,,,,,,,,,,,,,,,,
1988-89,Celtics,42-40,0.512,,,,,,,,,,,,,,,,,
1988-89,Clippers,21-61,0.256,,,,,,,,,,,,,,,,,
1988-89,Hawks,52-30,0.634,,,,,,,,,,,,,,,,,
1988-89,Heat,15-67,0.183,,,,,,,,,,,,,,,,,
1988-89,Hornets,20-62,0.244,,,,,,,,,,,,,,,,,
1988-89,Jazz,51-31,0.622,,,,,,,,,,,,,,,,,
1988-89,Kings,27-55,0.329,,,,,,,,,,,,,,,,,
1988-89,Knicks,52-30,0.634,,,,,,,,,,,,,,,,,
1988-89,Lakers,57-25,0.695,,,,,,,,,,,,,,,,,
1988-89,Mavericks,38-44,0.463,,,,,,,,,,,,,,,,,
1988-89,Nets,26-56,0.317,,,,,,,,,,,,,,,,,
1988-89,Nuggets,44-38,0.537,,,,,,,,,,,,,,,,,
1988-89,Pacers,28-54,0.341,,,,,,,,,,,,,,,,,
1988-89,Pistons,63-19,0.768,,,,,,,,,,,,,,,,,
1988-89,Rockets,45-37,0.549,,,,,,,,,,,,,,,,,
1988-89,Spurs,21-61,0.256,,,,,,,,,,,,,,,,,
1988-89,Suns,55-27,0.671,,,,,,,,,,,,,,,,,
1988-89,Supersonics,47-35,0.573,,,,,,,,,,,,,,,,,
1988-89,Trail Blazers,39-43,0.476,,,,,,,,,,,,,,,,,
1988-89,Warriors,43-39,0.524,,,,,,,,,,,,,,,,,
1987-88,76ers,36-46,0.439,,,,,,,,,,,,,,,,,
1987-88,Bucks,42-40,0.512,,,,,,,,,,,,,,,,,
1987-88,Bullets,38-44,0.463,,,,,,,,,,,,,,,,,
1987-88,Bulls,50-32,0.61,,,,,,,,,,,,,,,,,
1987-88,Cavaliers,42-40,0.512,,,,,,,,,,,,,,,,,
1987-88,Celtics,57-25,0.695,,,,,,,,,,,,,,,,,
1987-88,Clippers,17-65,0.207,,,,,,,,,,,,,,,,,
1987-88,Hawks,50-32,0.61,,,,,,,,,,,,,,,,,
1987-88,Jazz,47-35,0.573,,,,,,,,,,,,,,,,,
1987-88,Kings,24-58,0.293,,,,,,,,,,,,,,,,,
1987-88,Knicks,38-44,0.463,,,,,,,,,,,,,,,,,
1987-88,Lakers,62-20,0.756,,,,,,,,,,,,,,,,,
1987-88,Mavericks,53-29,0.646,,,,,,,,,,,,,,,,,
1987-88,Nets,19-63,0.232,,,,,,,,,,,,,,,,,
1987-88,Nuggets,54-28,0.659,,,,,,,,,,,,,,,,,
1987-88,Pacers,38-44,0.463,,,,,,,,,,,,,,,,,
1987-88,Pistons,54-28,0.659,,,,,,,,,,,,,,,,,
1987-88,Rockets,46-36,0.561,,,,,,,,,,,,,,,,,
1987-88,Spurs,31-51,0.378,,,,,,,,,,,,,,,,,
1987-88,Suns,28-54,0.341,,,,,,,,,,,,,,,,,
1987-88,Supersonics,44-38,0.537,,,,,,,,,,,,,,,,,
1987-88,Trail Blazers,53-29,0.646,,,,,,,,,,,,,,,,,
1987-88,Warriors,20-62,0.244,,,,,,,,,,,,,,,,,
1986-87,76ers,45-37,0.549,,,,,,,,,,,,,,,,,
1986-87,Bucks,50-32,0.61,,,,,,,,,,,,,,,,,
1986-87,Bullets,42-40,0.512,,,,,,,,,,,,,,,,,
1986-87,Bulls,40-42,0.488,,,,,,,,,,,,,,,,,
1986-87,Cavaliers,31-51,0.378,,,,,,,,,,,,,,,,,
1986-87,Celtics,59-23,0.72,,,,,,,,,,,,,,,,,
1986-87,Clippers,12-70,0.146,,,,,,,,,,,,,,,,,
1986-87,Hawks,57-25,0.695,,,,,,,,,,,,,,,,,
1986-87,Jazz,44-38,0.537,,,,,,,,,,,,,,,,,
1986-87,Kings,29-53,0.354,,,,,,,,,,,,,,,,,
1986-87,Knicks,24-58,0.293,,,,,,,,,,,,,,,,,
1986-87,Lakers,65-17,0.793,,,,,,,,,,,,,,,,,
1986-87,Mavericks,55-27,0.671,,,,,,,,,,,,,,,,,
1986-87,Nets,24-58,0.293,,,,,,,,,,,,,,,,,
1986-87,Nuggets,37-45,0.451,,,,,,,,,,,,,,,,,
1986-87,Pacers,41-41,0.5,,,,,,,,,,,,,,,,,
1986-87,Pistons,52-30,0.634,,,,,,,,,,,,,,,,,
1986-87,Rockets,42-40,0.512,,,,,,,,,,,,,,,,,
1986-87,Spurs,28-54,0.341,,,,,,,,,,,,,,,,,
1986-87,Suns,36-46,0.439,,,,,,,,,,,,,,,,,
1986-87,Supersonics,39-43,0.476,,,,,,,,,,,,,,,,,
1986-87,Trail Blazers,49-33,0.598,,,,,,,,,,,,,,,,,
1986-87,Warriors,42-40,0.512,,,,,,,,,,,,,,,,,
1985-86,76ers,54-28,0.659,,,,,,,,,,,,,,,,,
1985-86,Bucks,57-25,0.695,,,,,,,,,,,,,,,,,
1985-86,Bullets,39-43,0.476,,,,,,,,,,,,,,,,,
1985-86,Bulls,30-52,0.366,,,,,,,,,,,,,,,,,
1985-86,Cavaliers,29-53,0.354,,,,,,,,,,,,,,,,,
1985-86,Celtics,67-15,0.817,,,,,,,,,,,,,,,,,
1985-86,Clippers,32-50,0.39,,,,,,,,,,,,,,,,,
1985-86,Hawks,50-32,0.61,,,,,,,,,,,,,,,,,
1985-86,Jazz,42-40,0.512,,,,,,,,,,,,,,,,,
1985-86,Kings,37-45,0.451,,,,,,,,,,,,,,,,,
1985-86,Knicks,23-59,0.28,,,,,,,,,,,,,,,,,
1985-86,Lakers,62-20,0.756,,,,,,,,,,,,,,,,,
1985-86,Mavericks,44-38,0.537,,,,,,,,,,,,,,,,,
1985-86,Nets,39-43,0.476,,,,,,,,,,,,,,,,,
1985-86,Nuggets,47-35,0.573,,,,,,,,,,,,,,,,,
1985-86,Pacers,26-56,0.317,,,,,,,,,,,,,,,,,
1985-86,Pistons,46-36,0.561,,,,,,,,,,,,,,,,,
1985-86,Rockets,51-31,0.622,,,,,,,,,,,,,,,,,
1985-86,Spurs,35-47,0.427,,,,,,,,,,,,,,,,,
1985-86,Suns,32-50,0.39,,,,,,,,,,,,,,,,,
1985-86,Supersonics,31-51,0.378,,,,,,,,,,,,,,,,,
1985-86,Trail Blazers,40-42,0.488,,,,,,,,,,,,,,,,,
1985-86,Warriors,30-52,0.366,,,,,,,,,,,,,,,,,
1984-85,76ers,58-24,0.707,,,,,,,,,,,,,,,,,
1984-85,Bucks,59-23,0.72,,,,,,,,,,,,,,,,,
1984-85,Bullets,40-42,0.488,,,,,,,,,,,,,,,,,
1984-85,Bulls,38-44,0.463,,,,,,,,,,,,,,,,,
1984-85,Cavaliers,36-46,0.439,,,,,,,,,,,,,,,,,
1984-85,Celtics,63-19,0.768,,,,,,,,,,,,,,,,,
1984-85,Clippers,31-51,0.378,,,,,,,,,,,,,,,,,
1984-85,Hawks,34-48,0.415,,,,,,,,,,,,,,,,,
1984-85,Jazz,41-41,0.5,,,,,,,,,,,,,,,,,
1984-85,Kings,31-51,0.378,,,,,,,,,,,,,,,,,
1984-85,Knicks,24-58,0.293,,,,,,,,,,,,,,,,,
1984-85,Lakers,62-20,0.756,,,,,,,,,,,,,,,,,
1984-85,Mavericks,44-38,0.537,,,,,,,,,,,,,,,,,
1984-85,Nets,42-40,0.512,,,,,,,,,,,,,,,,,
1984-85,Nuggets,52-30,0.634,,,,,,,,,,,,,,,,,
1984-85,Pacers,22-60,0.268,,,,,,,,,,,,,,,,,
1984-85,Pistons,46-36,0.561,,,,,,,,,,,,,,,,,
1984-85,Rockets,48-34,0.585,,,,,,,,,,,,,,,,,
1984-85,Spurs,41-41,0.5,,,,,,,,,,,,,,,,,
1984-85,Suns,36-46,0.439,,,,,,,,,,,,,,,,,
1984-85,Supersonics,31-51,0.378,,,,,,,,,,,,,,,,,
1984-85,Trail Blazers,42-40,0.512,,,,,,,,,,,,,,,,,
1984-85,Warriors,22-60,0.268,,,,,,,,,,,,,,,,,
1983-84,76ers,52-30,0.634,,,,,,,,,,,,,,,,,
1983-84,Bucks,50-32,0.61,,,,,,,,,,,,,,,,,
1983-84,Bullets,35-47,0.427,,,,,,,,,,,,,,,,,
1983-84,Bulls,27-55,0.329,,,,,,,,,,,,,,,,,
1983-84,Cavaliers,28-54,0.341,,,,,,,,,,,,,,,,,
1983-84,Celtics,62-20,0.756,,,,,,,,,,,,,,,,,
1983-84,Clippers,30-52,0.366,,,,,,,,,,,,,,,,,
1983-84,Hawks,40-42,0.488,,,,,,,,,,,,,,,,,
1983-84,Jazz,45-37,0.549,,,,,,,,,,,,,,,,,
1983-84,Kings,38-44,0.463,,,,,,,,,,,,,,,,,
1983-84,Knicks,47-35,0.573,,,,,,,,,,,,,,,,,
1983-84,Lakers,54-28,0.659,,,,,,,,,,,,,,,,,
1983-84,Mavericks,43-39,0.524,,,,,,,,,,,,,,,,,
1983-84,Nets,45-37,0.549,,,,,,,,,,,,,,,,,
1983-84,Nuggets,38-44,0.463,,,,,,,,,,,,,,,,,
1983-84,Pacers,26-56,0.317,,,,,,,,,,,,,,,,,
1983-84,Pistons,49-33,0.598,,,,,,,,,,,,,,,,,
1983-84,Rockets,29-53,0.354,,,,,,,,,,,,,,,,,
1983-84,Spurs,37-45,0.451,,,,,,,,,,,,,,,,,
1983-84,Suns,41-41,0.5,,,,,,,,,,,,,,,,,
1983-84,Supersonics,42-40,0.512,,,,,,,,,,,,,,,,,
1983-84,Trail Blazers,48-34,0.585,,,,,,,,,,,,,,,,,
1983-84,Warriors,37-45,0.451,,,,,,,,,,,,,,,,,
1982-83,76ers,65-17,0.793,,,,,,,,,,,,,,,,,
1982-83,Bucks,51-31,0.622,,,,,,,,,,,,,,,,,
1982-83,Bullets,42-40,0.512,,,,,,,,,,,,,,,,,
1982-83,Bulls,28-54,0.341,,,,,,,,,,,,,,,,,
1982-83,Cavaliers,23-59,0.28,,,,,,,,,,,,,,,,,
1982-83,Celtics,56-26,0.683,,,,,,,,,,,,,,,,,
1982-83,Clippers,25-57,0.305,,,,,,,,,,,,,,,,,
1982-83,Hawks,43-39,0.524,,,,,,,,,,,,,,,,,
1982-83,Jazz,30-52,0.366,,,,,,,,,,,,,,,,,
1982-83,Kings,45-37,0.549,,,,,,,,,,,,,,,,,
1982-83,Knicks,44-38,0.537,,,,,,,,,,,,,,,,,
1982-83,Lakers,58-24,0.707,,,,,,,,,,,,,,,,,
1982-83,Mavericks,38-44,0.463,,,,,,,,,,,,,,,,,
1982-83,Nets,49-33,0.598,,,,,,,,,,,,,,,,,
1982-83,Nuggets,45-37,0.549,,,,,,,,,,,,,,,,,
1982-83,Pacers,20-62,0.244,,,,,,,,,,,,,,,,,
1982-83,Pistons,37-45,0.451,,,,,,,,,,,,,,,,,
1982-83,Rockets,14-68,0.171,,,,,,,,,,,,,,,,,
1982-83,Spurs,53-29,0.646,,,,,,,,,,,,,,,,,
1982-83,Suns,53-29,0.646,,,,,,,,,,,,,,,,,
1982-83,Supersonics,48-34,0.585,,,,,,,,,,,,,,,,,
1982-83,Trail Blazers,46-36,0.561,,,,,,,,,,,,,,,,,
1982-83,Warriors,30-52,0.366,,,,,,,,,,,,,,,,,
1981-82,76ers,58-24,0.707,,,,,,,,,,,,,,,,,
1981-82,Bucks,55-27,0.671,,,,,,,,,,,,,,,,,
1981-82,Bullets,43-39,0.524,,,,,,,,,,,,,,,,,
1981-82,Bulls,34-48,0.415,,,,,,,,,,,,,,,,,
1981-82,Cavaliers,15-67,0.183,,,,,,,,,,,,,,,,,
1981-82,Celtics,63-19,0.768,,,,,,,,,,,,,,,,,
1981-82,Clippers,17-65,0.207,,,,,,,,,,,,,,,,,
1981-82,Hawks,42-40,0.512,,,,,,,,,,,,,,,,,
1981-82,Jazz,25-57,0.305,,,,,,,,,,,,,,,,,
1981-82,Kings,30-52,0.366,,,,,,,,,,,,,,,,,
1981-82,Knicks,33-49,0.402,,,,,,,,,,,,,,,,,
1981-82,Lakers,57-25,0.695,,,,,,,,,,,,,,,,,
1981-82,Mavericks,28-54,0.341,,,,,,,,,,,,,,,,,
1981-82,Nets,44-38,0.537,,,,,,,,,,,,,,,,,
1981-82,Nuggets,46-36,0.561,,,,,,,,,,,,,,,,,
1981-82,Pacers,35-47,0.427,,,,,,,,,,,,,,,,,
1981-82,Pistons,39-43,0.476,,,,,,,,,,,,,,,,,
1981-82,Rockets,46-36,0.561,,,,,,,,,,,,,,,,,
1981-82,Spurs,48-34,0.585,,,,,,,,,,,,,,,,,
1981-82,Suns,46-36,0.561,,,,,,,,,,,,,,,,,
1981-82,Supersonics,52-30,0.634,,,,,,,,,,,,,,,,,
1981-82,Trail Blazers,42-40,0.512,,,,,,,,,,,,,,,,,
1981-82,Warriors,45-37,0.549,,,,,,,,,,,,,,,,,
1980-81,76ers,62-20,0.756,,,,,,,,,,,,,,,,,
1980-81,Bucks,60-22,0.732,,,,,,,,,,,,,,,,,
1980-81,Bullets,39-43,0.476,,,,,,,,,,,,,,,,,
1980-81,Bulls,45-37,0.549,,,,,,,,,,,,,,,,,
1980-81,Cavaliers,28-54,0.341,,,,,,,,,,,,,,,,,
1980-81,Celtics,62-20,0.756,,,,,,,,,,,,,,,,,
1980-81,Clippers,36-46,0.439,,,,,,,,,,,,,,,,,
1980-81,Hawks,31-51,0.378,,,,,,,,,,,,,,,,,
1980-81,Jazz,28-54,0.341,,,,,,,,,,,,,,,,,
1980-81,Kings,40-42,0.488,,,,,,,,,,,,,,,,,
1980-81,Knicks,50-32,0.61,,,,,,,,,,,,,,,,,
1980-81,Lakers,54-28,0.659,,,,,,,,,,,,,,,,,
1980-81,Mavericks,15-67,0.183,,,,,,,,,,,,,,,,,
1980-81,Nets,24-58,0.293,,,,,,,,,,,,,,,,,
1980-81,Nuggets,37-45,0.451,,,,,,,,,,,,,,,,,
1980-81,Pacers,44-38,0.537,,,,,,,,,,,,,,,,,
1980-81,Pistons,21-61,0.256,,,,,,,,,,,,,,,,,
1980-81,Rockets,40-42,0.488,,,,,,,,,,,,,,,,,
1980-81,Spurs,52-30,0.634,,,,,,,,,,,,,,,,,
1980-81,Suns,57-25,0.695,,,,,,,,,,,,,,,,,
1980-81,Supersonics,34-48,0.415,,,,,,,,,,,,,,,,,
1980-81,Trail Blazers,45-37,0.549,,,,,,,,,,,,,,,,,
1980-81,Warriors,39-43,0.476,,,,,,,,,,,,,,,,,
1979-80,76ers,59-23,0.72,,,,,,,,,,,,,,,,,
1979-80,Bucks,49-33,0.598,,,,,,,,,,,,,,,,,
1979-80,Bullets,39-43,0.476,,,,,,,,,,,,,,,,,
1979-80,Bulls,30-52,0.366,,,,,,,,,,,,,,,,,
1979-80,Cavaliers,37-45,0.451,,,,,,,,,,,,,,,,,
1979-80,Celtics,61-21,0.744,,,,,,,,,,,,,,,,,
1979-80,Clippers,35-47,0.427,,,,,,,,,,,,,,,,,
1979-80,Hawks,50-32,0.61,,,,,,,,,,,,,,,,,
1979-80,Jazz,24-58,0.293,,,,,,,,,,,,,,,,,
1979-80,Kings,47-35,0.573,,,,,,,,,,,,,,,,,
1979-80,Knicks,39-43,0.476,,,,,,,,,,,,,,,,,
1979-80,Lakers,60-22,0.732,,,,,,,,,,,,,,,,,
1979-80,Nets,34-48,0.415,,,,,,,,,,,,,,,,,
1979-80,Nuggets,30-52,0.366,,,,,,,,,,,,,,,,,
1979-80,Pacers,37-45,0.451,,,,,,,,,,,,,,,,,
1979-80,Pistons,16-66,0.195,,,,,,,,,,,,,,,,,
1979-80,Rockets,41-41,0.5,,,,,,,,,,,,,,,,,
1979-80,Spurs,41-41,0.5,,,,,,,,,,,,,,,,,
1979-80,Suns,55-27,0.671,,,,,,,,,,,,,,,,,
1979-80,Supersonics,56-26,0.683,,,,,,,,,,,,,,,,,
1979-80,Trail Blazers,38-44,0.463,,,,,,,,,,,,,,,,,
1979-80,Warriors,24-58,0.293,,,,,,,,,,,,,,,,,
1978-79,76ers,47-35,0.573,,,,,,,,,,,,,,,,,
1978-79,Bucks,38-44,0.463,,,,,,,,,,,,,,,,,
1978-79,Bullets,54-28,0.659,,,,,,,,,,,,,,,,,
1978-79,Bulls,31-51,0.378,,,,,,,,,,,,,,,,,
1978-79,Cavaliers,30-52,0.366,,,,,,,,,,,,,,,,,
1978-79,Celtics,29-53,0.354,,,,,,,,,,,,,,,,,
1978-79,Clippers,43-39,0.524,,,,,,,,,,,,,,,,,
1978-79,Hawks,46-36,0.561,,,,,,,,,,,,,,,,,
1978-79,Jazz,26-56,0.317,,,,,,,,,,,,,,,,,
1978-79,Kings,48-34,0.585,,,,,,,,,,,,,,,,,
1978-79,Knicks,31-51,0.378,,,,,,,,,,,,,,,,,
1978-79,Lakers,47-35,0.573,,,,,,,,,,,,,,,,,
1978-79,Nets,37-45,0.451,,,,,,,,,,,,,,,,,
1978-79,Nuggets,47-35,0.573,,,,,,,,,,,,,,,,,
1978-79,Pacers,38-44,0.463,,,,,,,,,,,,,,,,,
1978-79,Pistons,30-52,0.366,,,,,,,,,,,,,,,,,
1978-79,Rockets,47-35,0.573,,,,,,,,,,,,,,,,,
1978-79,Spurs,48-34,0.585,,,,,,,,,,,,,,,,,
1978-79,Suns,50-32,0.61,,,,,,,,,,,,,,,,,
1978-79,Supersonics,52-30,0.634,,,,,,,,,,,,,,,,,
1978-79,Trail Blazers,45-37,0.549,,,,,,,,,,,,,,,,,
1978-79,Warriors,38-44,0.463,,,,,,,,,,,,,,,,,
1977-78,76ers,55-27,0.671,,,,,,,,,,,,,,,,,
1977-78,Braves,27-55,0.329,,,,,,,,,,,,,,,,,
1977-78,Bucks,44-38,0.537,,,,,,,,,,,,,,,,,
1977-78,Bullets,44-38,0.537,,,,,,,,,,,,,,,,,
1977-78,Bulls,40-42,0.488,,,,,,,,,,,,,,,,,
1977-78,Cavaliers,43-39,0.524,,,,,,,,,,,,,,,,,
1977-78,Celtics,32-50,0.39,,,,,,,,,,,,,,,,,
1977-78,Hawks,41-41,0.5,,,,,,,,,,,,,,,,,
1977-78,Jazz,39-43,0.476,,,,,,,,,,,,,,,,,
1977-78,Kings,31-51,0.378,,,,,,,,,,,,,,,,,
1977-78,Knicks,43-39,0.524,,,,,,,,,,,,,,,,,
1977-78,Lakers,45-37,0.549,,,,,,,,,,,,,,,,,
1977-78,Nets,24-58,0.293,,,,,,,,,,,,,,,,,
1977-78,Nuggets,48-34,0.585,,,,,,,,,,,,,,,,,
1977-78,Pacers,31-51,0.378,,,,,,,,,,,,,,,,,
1977-78,Pistons,38-44,0.463,,,,,,,,,,,,,,,,,
1977-78,Rockets,28-54,0.341,,,,,,,,,,,,,,,,,
1977-78,Spurs,52-30,0.634,,,,,,,,,,,,,,,,,
1977-78,Suns,49-33,0.598,,,,,,,,,,,,,,,,,
1977-78,Supersonics,47-35,0.573,,,,,,,,,,,,,,,,,
1977-78,Trail Blazers,58-24,0.707,,,,,,,,,,,,,,,,,
1977-78,Warriors,43-39,0.524,,,,,,,,,,,,,,,,,
1976-77,76ers,50-32,0.61,,,,,,,,,,,,,,,,,
1976-77,Braves,30-52,0.366,,,,,,,,,,,,,,,,,
1976-77,Bucks,30-52,0.366,,,,,,,,,,,,,,,,,
1976-77,Bullets,48-34,0.585,,,,,,,,,,,,,,,,,
1976-77,Bulls,44-38,0.537,,,,,,,,,,,,,,,,,
1976-77,Cavaliers,43-39,0.524,,,,,,,,,,,,,,,,,
1976-77,Celtics,44-38,0.537,,,,,,,,,,,,,,,,,
1976-77,Hawks,31-51,0.378,,,,,,,,,,,,,,,,,
1976-77,Jazz,35-47,0.427,,,,,,,,,,,,,,,,,
1976-77,Kings,40-42,0.488,,,,,,,,,,,,,,,,,
1976-77,Knicks,40-42,0.488,,,,,,,,,,,,,,,,,
1976-77,Lakers,53-29,0.646,,,,,,,,,,,,,,,,,
1976-77,Nets,22-60,0.268,,,,,,,,,,,,,,,,,
1976-77,Nuggets,50-32,0.61,,,,,,,,,,,,,,,,,
1976-77,Pacers,36-46,0.439,,,,,,,,,,,,,,,,,
1976-77,Pistons,44-38,0.537,,,,,,,,,,,,,,,,,
1976-77,Rockets,49-33,0.598,,,,,,,,,,,,,,,,,
1976-77,Spurs,44-38,0.537,,,,,,,,,,,,,,,,,
1976-77,Suns,34-48,0.415,,,,,,,,,,,,,,,,,
1976-77,Supersonics,40-42,0.488,,,,,,,,,,,,,,,,,
1976-77,Trail Blazers,49-33,0.598,,,,,,,,,,,,,,,,,
1976-77,Warriors,46-36,0.561,,,,,,,,,,,,,,,,,
1975-76,76ers,46-36,0.561,,,,,,,,,,,,,,,,,
1975-76,Braves,46-36,0.561,,,,,,,,,,,,,,,,,
1975-76,Bucks,38-44,0.463,,,,,,,,,,,,,,,,,
1975-76,Bullets,48-34,0.585,,,,,,,,,,,,,,,,,
1975-76,Bulls,24-58,0.293,,,,,,,,,,,,,,,,,
1975-76,Cavaliers,49-33,0.598,,,,,,,,,,,,,,,,,
1975-76,Celtics,54-28,0.659,,,,,,,,,,,,,,,,,
1975-76,Hawks,29-53,0.354,,,,,,,,,,,,,,,,,
1975-76,Jazz,38-44,0.463,,,,,,,,,,,,,,,,,
1975-76,Kings,31-51,0.378,,,,,,,,,,,,,,,,,
1975-76,Knicks,38-44,0.463,,,,,,,,,,,,,,,,,
1975-76,Lakers,40-42,0.488,,,,,,,,,,,,,,,,,
1975-76,Pistons,36-46,0.439,,,,,,,,,,,,,,,,,
1975-76,Rockets,40-42,0.488,,,,,,,,,,,,,,,,,
1975-76,Suns,42-40,0.512,,,,,,,,,,,,,,,,,
1975-76,Supersonics,43-39,0.524,,,,,,,,,,,,,,,,,
1975-76,Trail Blazers,37-45,0.451,,,,,,,,,,,,,,,,,
1975-76,Warriors,59-23,0.72,,,,,,,,,,,,,,,,,
1974-75,76ers,34-48,0.415,,,,,,,,,,,,,,,,,
1974-75,Braves,49-33,0.598,,,,,,,,,,,,,,,,,
1974-75,Bucks,38-44,0.463,,,,,,,,,,,,,,,,,
1974-75,Bullets,60-22,0.732,,,,,,,,,,,,,,,,,
1974-75,Bulls,47-35,0.573,,,,,,,,,,,,,,,,,
1974-75,Cavaliers,40-42,0.488,,,,,,,,,,,,,,,,,
1974-75,Celtics,60-22,0.732,,,,,,,,,,,,,,,,,
1974-75,Hawks,31-51,0.378,,,,,,,,,,,,,,,,,
1974-75,Jazz,23-59,0.28,,,,,,,,,,,,,,,,,
1974-75,Kings,44-38,0.537,,,,,,,,,,,,,,,,,
1974-75,Knicks,40-42,0.488,,,,,,,,,,,,,,,,,
1974-75,Lakers,30-52,0.366,,,,,,,,,,,,,,,,,
1974-75,Pistons,40-42,0.488,,,,,,,,,,,,,,,,,
1974-75,Rockets,41-41,0.5,,,,,,,,,,,,,,,,,
1974-75,Suns,32-50,0.39,,,,,,,,,,,,,,,,,
1974-75,Supersonics,43-39,0.524,,,,,,,,,,,,,,,,,
1974-75,Trail Blazers,38-44,0.463,,,,,,,,,,,,,,,,,
1974-75,Warriors,48-34,0.585,,,,,,,,,,,,,,,,,
1973-74,76ers,25-57,0.305,,,,,,,,,,,,,,,,,
1973-74,Braves,42-40,0.512,,,,,,,,,,,,,,,,,
1973-74,Bucks,59-23,0.72,,,,,,,,,,,,,,,,,
1973-74,Bullets,47-35,0.573,,,,,,,,,,,,,,,,,
1973-74,Bulls,54-28,0.659,,,,,,,,,,,,,,,,,
1973-74,Cavaliers,29-53,0.354,,,,,,,,,,,,,,,,,
1973-74,Celtics,56-26,0.683,,,,,,,,,,,,,,,,,
1973-74,Hawks,35-47,0.427,,,,,,,,,,,,,,,,,
1973-74,Kings,33-49,0.402,,,,,,,,,,,,,,,,,
1973-74,Knicks,49-33,0.598,,,,,,,,,,,,,,,,,
1973-74,Lakers,47-35,0.573,,,,,,,,,,,,,,,,,
1973-74,Pistons,52-30,0.634,,,,,,,,,,,,,,,,,
1973-74,Rockets,32-50,0.39,,,,,,,,,,,,,,,,,
1973-74,Suns,30-52,0.366,,,,,,,,,,,,,,,,,
1973-74,Supersonics,36-46,0.439,,,,,,,,,,,,,,,,,
1973-74,Trail Blazers,27-55,0.329,,,,,,,,,,,,,,,,,
1973-74,Warriors,44-38,0.537,,,,,,,,,,,,,,,,,
1972-73,76ers,9-73,0.11,,,,,,,,,,,,,,,,,
1972-73,Braves,21-61,0.256,,,,,,,,,,,,,,,,,
1972-73,Bucks,60-22,0.732,,,,,,,,,,,,,,,,,
1972-73,Bullets,52-30,0.634,,,,,,,,,,,,,,,,,
1972-73,Bulls,51-31,0.622,,,,,,,,,,,,,,,,,
1972-73,Cavaliers,32-50,0.39,,,,,,,,,,,,,,,,,
1972-73,Celtics,68-14,0.829,,,,,,,,,,,,,,,,,
1972-73,Hawks,46-36,0.561,,,,,,,,,,,,,,,,,
1972-73,Kings,36-46,0.439,,,,,,,,,,,,,,,,,
1972-73,Knicks,57-25,0.695,,,,,,,,,,,,,,,,,
1972-73,Lakers,60-22,0.732,,,,,,,,,,,,,,,,,
1972-73,Pistons,40-42,0.488,,,,,,,,,,,,,,,,,
1972-73,Rockets,33-49,0.402,,,,,,,,,,,,,,,,,
1972-73,Suns,38-44,0.463,,,,,,,,,,,,,,,,,
1972-73,Supersonics,26-56,0.317,,,,,,,,,,,,,,,,,
1972-73,Trail Blazers,21-61,0.256,,,,,,,,,,,,,,,,,
1972-73,Warriors,47-35,0.573,,,,,,,,,,,,,,,,,
1971-72,76ers,30-52,0.366,,,,,,,,,,,,,,,,,
1971-72,Braves,22-60,0.268,,,,,,,,,,,,,,,,,
1971-72,Bucks,63-19,0.768,,,,,,,,,,,,,,,,,
1971-72,Bullets,38-44,0.463,,,,,,,,,,,,,,,,,
1971-72,Bulls,57-25,0.695,,,,,,,,,,,,,,,,,
1971-72,Cavaliers,23-59,0.28,,,,,,,,,,,,,,,,,
1971-72,Celtics,56-26,0.683,,,,,,,,,,,,,,,,,
1971-72,Hawks,36-46,0.439,,,,,,,,,,,,,,,,,
1971-72,Knicks,48-34,0.585,,,,,,,,,,,,,,,,,
1971-72,Lakers,69-13,0.841,,,,,,,,,,,,,,,,,
1971-72,Pistons,26-56,0.317,,,,,,,,,,,,,,,,,
1971-72,Rockets,34-48,0.415,,,,,,,,,,,,,,,,,
1971-72,Royals,30-52,0.366,,,,,,,,,,,,,,,,,
1971-72,Suns,49-33,0.598,,,,,,,,,,,,,,,,,
1971-72,Supersonics,47-35,0.573,,,,,,,,,,,,,,,,,
1971-72,Trail Blazers,18-64,0.22,,,,,,,,,,,,,,,,,
1971-72,Warriors,51-31,0.622,,,,,,,,,,,,,,,,,
1970-71,76ers,47-35,0.573,,,,,,,,,,,,,,,,,
1970-71,Braves,22-60,0.268,,,,,,,,,,,,,,,,,
1970-71,Bucks,66-16,0.805,,,,,,,,,,,,,,,,,
1970-71,Bullets,42-40,0.512,,,,,,,,,,,,,,,,,
1970-71,Bulls,51-31,0.622,,,,,,,,,,,,,,,,,
1970-71,Cavaliers,15-67,0.183,,,,,,,,,,,,,,,,,
1970-71,Celtics,44-38,0.537,,,,,,,,,,,,,,,,,
1970-71,Hawks,36-46,0.439,,,,,,,,,,,,,,,,,
1970-71,Knicks,52-30,0.634,,,,,,,,,,,,,,,,,
1970-71,Lakers,48-34,0.585,,,,,,,,,,,,,,,,,
1970-71,Pistons,45-37,0.549,,,,,,,,,,,,,,,,,
1970-71,Rockets,40-42,0.488,,,,,,,,,,,,,,,,,
1970-71,Royals,33-49,0.402,,,,,,,,,,,,,,,,,
1970-71,Suns,48-34,0.585,,,,,,,,,,,,,,,,,
1970-71,Supersonics,38-44,0.463,,,,,,,,,,,,,,,,,
1970-71,Trail Blazers,29-53,0.354,,,,,,,,,,,,,,,,,
1970-71,Warriors,41-41,0.5,,,,,,,,,,,,,,,,,
1969-70,76ers,42-40,0.512,,,,,,,,,,,,,,,,,
1969-70,Bucks,56-26,0.683,,,,,,,,,,,,,,,,,
1969-70,Bullets,50-32,0.61,,,,,,,,,,,,,,,,,
1969-70,Bulls,39-43,0.476,,,,,,,,,,,,,,,,,
1969-70,Celtics,34-48,0.415,,,,,,,,,,,,,,,,,
1969-70,Hawks,48-34,0.585,,,,,,,,,,,,,,,,,
1969-70,Knicks,60-22,0.732,,,,,,,,,,,,,,,,,
1969-70,Lakers,46-36,0.561,,,,,,,,,,,,,,,,,
1969-70,Pistons,31-51,0.378,,,,,,,,,,,,,,,,,
1969-70,Rockets,27-55,0.329,,,,,,,,,,,,,,,,,
1969-70,Royals,36-46,0.439,,,,,,,,,,,,,,,,,
1969-70,Suns,39-43,0.476,,,,,,,,,,,,,,,,,
1969-70,Supersonics,36-46,0.439,,,,,,,,,,,,,,,,,
1969-70,Warriors,30-52,0.366,,,,,,,,,,,,,,,,,
1968-69,76ers,55-27,0.671,,,,,,,,,,,,,,,,,
1968-69,Bucks,27-55,0.329,,,,,,,,,,,,,,,,,
1968-69,Bullets,57-25,0.695,,,,,,,,,,,,,,,,,
1968-69,Bulls,33-49,0.402,,,,,,,,,,,,,,,,,
1968-69,Celtics,48-34,0.585,,,,,,,,,,,,,,,,,
1968-69,Hawks,48-34,0.585,,,,,,,,,,,,,,,,,
1968-69,Knicks,54-28,0.659,,,,,,,,,,,,,,,,,
1968-69,Lakers,55-27,0.671,,,,,,,,,,,,,,,,,
1968-69,Pistons,32-50,0.39,,,,,,,,,,,,,,,,,
1968-69,Rockets,37-45,0.451,,,,,,,,,,,,,,,,,
1968-69,Royals,41-41,0.5,,,,,,,,,,,,,,,,,
1968-69,Suns,16-66,0.195,,,,,,,,,,,,,,,,,
1968-69,Supersonics,30-52,0.366,,,,,,,,,,,,,,,,,
1968-69,Warriors,41-41,0.5,,,,,,,,,,,,,,,,,
1967-68,76ers,62-20,0.756,,,,,,,,,,,,,,,,,
1967-68,Bullets,36-46,0.439,,,,,,,,,,,,,,,,,
1967-68,Bulls,29-53,0.354,,,,,,,,,,,,,,,,,
1967-68,Celtics,54-28,0.659,,,,,,,,,,,,,,,,,
1967-68,Hawks,56-26,0.683,,,,,,,,,,,,,,,,,
1967-68,Knicks,43-39,0.524,,,,,,,,,,,,,,,,,
1967-68,Lakers,52-30,0.634,,,,,,,,,,,,,,,,,
1967-68,Pistons,40-42,0.488,,,,,,,,,,,,,,,,,
1967-68,Rockets,15-67,0.183,,,,,,,,,,,,,,,,,
1967-68,Royals,39-43,0.476,,,,,,,,,,,,,,,,,
1967-68,Supersonics,23-59,0.28,,,,,,,,,,,,,,,,,
1967-68,Warriors,43-39,0.524,,,,,,,,,,,,,,,,,
1966-67,76ers,68-13,0.84,,,,,,,,,,,,,,,,,
1966-67,Bullets,20-61,0.247,,,,,,,,,,,,,,,,,
1966-67,Bulls,33-48,0.407,,,,,,,,,,,,,,,,,
1966-67,Celtics,60-21,0.741,,,,,,,,,,,,,,,,,
1966-67,Hawks,39-42,0.481,,,,,,,,,,,,,,,,,
1966-67,Knicks,36-45,0.444,,,,,,,,,,,,,,,,,
1966-67,Lakers,36-45,0.444,,,,,,,,,,,,,,,,,
1966-67,Pistons,30-51,0.37,,,,,,,,,,,,,,,,,
1966-67,Royals,39-42,0.481,,,,,,,,,,,,,,,,,
1966-67,Warriors,44-37,0.543,,,,,,,,,,,,,,,,,
1965-66,76ers,55-25,0.688,,,,,,,,,,,,,,,,,
1965-66,Bullets,38-42,0.475,,,,,,,,,,,,,,,,,
1965-66,Celtics,54-26,0.675,,,,,,,,,,,,,,,,,
1965-66,Hawks,36-44,0.45,,,,,,,,,,,,,,,,,
1965-66,Knicks,30-50,0.375,,,,,,,,,,,,,,,,,
1965-66,Lakers,45-35,0.563,,,,,,,,,,,,,,,,,
1965-66,Pistons,22-58,0.275,,,,,,,,,,,,,,,,,
1965-66,Royals,45-35,0.563,,,,,,,,,,,,,,,,,
1965-66,Warriors,35-45,0.438,,,,,,,,,,,,,,,,,
1964-65,76ers,40-40,0.5,,,,,,,,,,,,,,,,,
1964-65,Bullets,37-43,0.463,,,,,,,,,,,,,,,,,
1964-65,Celtics,62-18,0.775,,,,,,,,,,,,,,,,,
1964-65,Hawks,45-35,0.563,,,,,,,,,,,,,,,,,
1964-65,Knicks,31-49,0.388,,,,,,,,,,,,,,,,,
1964-65,Lakers,49-31,0.613,,,,,,,,,,,,,,,,,
1964-65,Pistons,31-49,0.388,,,,,,,,,,,,,,,,,
1964-65,Royals,48-32,0.6,,,,,,,,,,,,,,,,,
1964-65,Warriors,17-63,0.213,,,,,,,,,,,,,,,,,
1963-64,76ers,34-46,0.425,,,,,,,,,,,,,,,,,
1963-64,Bullets,31-49,0.388,,,,,,,,,,,,,,,,,
1963-64,Celtics,59-21,0.738,,,,,,,,,,,,,,,,,
1963-64,Hawks,46-34,0.575,,,,,,,,,,,,,,,,,
1963-64,Knicks,22-58,0.275,,,,,,,,,,,,,,,,,
1963-64,Lakers,42-38,0.525,,,,,,,,,,,,,,,,,
1963-64,Pistons,23-57,0.288,,,,,,,,,,,,,,,,,
1963-64,Royals,55-25,0.688,,,,,,,,,,,,,,,,,
1963-64,Warriors,48-32,0.6,,,,,,,,,,,,,,,,,
1962-63,Celtics,58-22,0.725,,,,,,,,,,,,,,,,,
1962-63,Hawks,48-32,0.6,,,,,,,,,,,,,,,,,
1962-63,Knicks,21-59,0.263,,,,,,,,,,,,,,,,,
1962-63,Lakers,53-27,0.663,,,,,,,,,,,,,,,,,
1962-63,Nationals,48-32,0.6,,,,,,,,,,,,,,,,,
1962-63,Pistons,34-46,0.425,,,,,,,,,,,,,,,,,
1962-63,Royals,42-38,0.525,,,,,,,,,,,,,,,,,
1962-63,Warriors,31-49,0.388,,,,,,,,,,,,,,,,,
1962-63,Zephyrs,25-55,0.313,,,,,,,,,,,,,,,,,
1961-62,Celtics,60-20,0.75,,,,,,,,,,,,,,,,,
1961-62,Hawks,29-51,0.363,,,,,,,,,,,,,,,,,
1961-62,Knicks,29-51,0.363,,,,,,,,,,,,,,,,,
1961-62,Lakers,54-26,0.675,,,,,,,,,,,,,,,,,
1961-62,Nationals,41-39,0.513,,,,,,,,,,,,,,,,,
1961-62,Packers,18-62,0.225,,,,,,,,,,,,,,,,,
1961-62,Pistons,37-43,0.463,,,,,,,,,,,,,,,,,
1961-62,Royals,43-37,0.538,,,,,,,,,,,,,,,,,
1961-62,Warriors,49-31,0.613,,,,,,,,,,,,,,,,,
1960-61,Celtics,57-22,0.722,,,,,,,,,,,,,,,,,
1960-61,Hawks,51-28,0.646,,,,,,,,,,,,,,,,,
1960-61,Knicks,21-58,0.266,,,,,,,,,,,,,,,,,
1960-61,Lakers,36-43,0.456,,,,,,,,,,,,,,,,,
1960-61,Nationals,38-41,0.481,,,,,,,,,,,,,,,,,
1960-61,Pistons,34-45,0.43,,,,,,,,,,,,,,,,,
1960-61,Royals,33-46,0.418,,,,,,,,,,,,,,,,,
1960-61,Warriors,46-33,0.582,,,,,,,,,,,,,,,,,
1959-60,Celtics,59-16,0.787,,,,,,,,,,,,,,,,,
1959-60,Hawks,46-29,0.613,,,,,,,,,,,,,,,,,
1959-60,Knicks,27-48,0.36,,,,,,,,,,,,,,,,,
1959-60,Lakers,25-50,0.333,,,,,,,,,,,,,,,,,
1959-60,Nationals,45-30,0.6,,,,,,,,,,,,,,,,,
1959-60,Pistons,30-45,0.4,,,,,,,,,,,,,,,,,
1959-60,Royals,19-56,0.253,,,,,,,,,,,,,,,,,
1959-60,Warriors,49-26,0.653,,,,,,,,,,,,,,,,,
1958-59,Celtics,52-20,0.722,,,,,,,,,,,,,,,,,
1958-59,Hawks,49-23,0.681,,,,,,,,,,,,,,,,,
1958-59,Knicks,40-32,0.556,,,,,,,,,,,,,,,,,
1958-59,Lakers,33-39,0.458,,,,,,,,,,,,,,,,,
1958-59,Nationals,35-37,0.486,,,,,,,,,,,,,,,,,
1958-59,Pistons,28-44,0.389,,,,,,,,,,,,,,,,,
1958-59,Royals,19-53,0.264,,,,,,,,,,,,,,,,,
1958-59,Warriors,32-40,0.444,,,,,,,,,,,,,,,,,
1957-58,Celtics,49-23,0.681,,,,,,,,,,,,,,,,,
1957-58,Hawks,41-31,0.569,,,,,,,,,,,,,,,,,
1957-58,Knicks,35-37,0.486,,,,,,,,,,,,,,,,,
1957-58,Lakers,19-53,0.264,,,,,,,,,,,,,,,,,
1957-58,Nationals,41-31,0.569,,,,,,,,,,,,,,,,,
1957-58,Pistons,33-39,0.458,,,,,,,,,,,,,,,,,
1957-58,Royals,33-39,0.458,,,,,,,,,,,,,,,,,
1957-58,Warriors,37-35,0.514,,,,,,,,,,,,,,,,,
1956-57,Celtics,44-28,0.611,,,,,,,,,,,,,,,,,
1956-57,Hawks,34-38,0.472,,,,,,,,,,,,,,,,,
1956-57,Knicks,36-36,0.5,,,,,,,,,,,,,,,,,
1956-57,Lakers,34-38,0.472,,,,,,,,,,,,,,,,,
1956-57,Nationals,38-34,0.528,,,,,,,,,,,,,,,,,
1956-57,Pistons,34-38,0.472,,,,,,,,,,,,,,,,,
1956-57,Royals,31-41,0.431,,,,,,,,,,,,,,,,,
1956-57,Warriors,37-35,0.514,,,,,,,,,,,,,,,,,
1955-56,Celtics,39-33,0.542,,,,,,,,,,,,,,,,,
1955-56,Hawks,33-39,0.458,,,,,,,,,,,,,,,,,
1955-56,Knicks,35-37,0.486,,,,,,,,,,,,,,,,,
1955-56,Lakers,33-39,0.458,,,,,,,,,,,,,,,,,
1955-56,Nationals,35-37,0.486,,,,,,,,,,,,,,,,,
1955-56,Pistons,37-35,0.514,,,,,,,,,,,,,,,,,
1955-56,Royals,31-41,0.431,,,,,,,,,,,,,,,,,
1955-56,Warriors,45-27,0.625,,,,,,,,,,,,,,,,,
1954-55,Celtics,36-36,0.5,,,,,,,,,,,,,,,,,
1954-55,Hawks,26-46,0.361,,,,,,,,,,,,,,,,,
1954-55,Knicks,38-34,0.528,,,,,,,,,,,,,,,,,
1954-55,Lakers,40-32,0.556,,,,,,,,,,,,,,,,,
1954-55,Nationals,43-29,0.597,,,,,,,,,,,,,,,,,
1954-55,Pistons,43-29,0.597,,,,,,,,,,,,,,,,,
1954-55,Royals,29-43,0.403,,,,,,,,,,,,,,,,,
1954-55,Warriors,33-39,0.458,,,,,,,,,,,,,,,,,
1953-54,Celtics,42-30,0.583,,,,,,,,,,,,,,,,,
1953-54,Hawks,21-51,0.292,,,,,,,,,,,,,,,,,
1953-54,Knicks,44-28,0.611,,,,,,,,,,,,,,,,,
1953-54,Lakers,46-26,0.639,,,,,,,,,,,,,,,,,
1953-54,Nationals,42-30,0.583,,,,,,,,,,,,,,,,,
1953-54,Pistons,40-32,0.556,,,,,,,,,,,,,,,,,
1953-54,Royals,44-28,0.611,,,,,,,,,,,,,,,,,
1953-54,Warriors,29-43,0.403,,,,,,,,,,,,,,,,,
1952-53,Celtics,46-25,0.648,,,,,,,,,,,,,,,,,
1952-53,Hawks,27-44,0.38,,,,,,,,,,,,,,,,,
1952-53,Knicks,47-23,0.671,,,,,,,,,,,,,,,,,
1952-53,Lakers,48-22,0.686,,,,,,,,,,,,,,,,,
1952-53,Nationals,47-24,0.662,,,,,,,,,,,,,,,,,
1952-53,Pistons,36-33,0.522,,,,,,,,,,,,,,,,,
1952-53,Royals,44-26,0.629,,,,,,,,,,,,,,,,,
1952-53,Warriors,12-57,0.174,,,,,,,,,,,,,,,,,
1951-52,Celtics,39-27,0.591,,,,,,,,,,,,,,,,,
1951-52,Hawks,17-49,0.258,,,,,,,,,,,,,,,,,
1951-52,Knicks,37-29,0.561,,,,,,,,,,,,,,,,,
1951-52,Lakers,40-26,0.606,,,,,,,,,,,,,,,,,
1951-52,Nationals,40-26,0.606,,,,,,,,,,,,,,,,,
1951-52,Pistons,29-37,0.439,,,,,,,,,,,,,,,,,
1951-52,Royals,41-25,0.621,,,,,,,,,,,,,,,,,
1951-52,Warriors,33-33,0.5,,,,,,,,,,,,,,,,,
1950-51,Blackhawks,25-43,0.368,,,,,,,,,,,,,,,,,
1950-51,Celtics,39-30,0.565,,,,,,,,,,,,,,,,,
1950-51,Knicks,36-30,0.545,,,,,,,,,,,,,,,,,
1950-51,Lakers,44-24,0.647,,,,,,,,,,,,,,,,,
1950-51,Nationals,32-34,0.485,,,,,,,,,,,,,,,,,
1950-51,Pistons,32-36,0.471,,,,,,,,,,,,,,,,,
1950-51,Royals,41-27,0.603,,,,,,,,,,,,,,,,,
1950-51,Warriors,40-26,0.606,,,,,,,,,,,,,,,,,
1949-50,Blackhawks,29-35,0.453,,,,,,,,,,,,,,,,,
1949-50,Celtics,22-46,0.324,,,,,,,,,,,,,,,,,
1949-50,Knicks,40-28,0.588,,,,,,,,,,,,,,,,,
1949-50,Lakers,51-17,0.75,,,,,,,,,,,,,,,,,
1949-50,Nationals,51-13,0.797,,,,,,,,,,,,,,,,,
1949-50,Pistons,40-28,0.588,,,,,,,,,,,,,,,,,
1949-50,Royals,51-17,0.75,,,,,,,,,,,,,,,,,
1949-50,Warriors,26-42,0.382,,,,,,,,,,,,,,,,,
1948-49,Celtics,25-35,0.417,,,,,,,,,,,,,,,,,
1948-49,Knicks,32-28,0.533,,,,,,,,,,,,,,,,,
1948-49,Lakers,44-16,0.733,,,,,,,,,,,,,,,,,
1948-49,Pistons,22-38,0.367,,,,,,,,,,,,,,,,,
1948-49,Royals,45-15,0.75,,,,,,,,,,,,,,,,,
1948-49,Warriors,28-32,0.467,,,,,,,,,,,,,,,,,
1947-48,Celtics,20-28,0.417,,,,,,,,,,,,,,,,,
1947-48,Knicks,26-22,0.542,,,,,,,,,,,,,,,,,
1947-48,Warriors,27-21,0.563,,,,,,,,,,,,,,,,,
1946-47,Celtics,22-38,0.367,,,,,,,,,,,,,,,,,
1946-47,Knicks,33-27,0.55,,,,,,,,,,,,,,,,,
1946-47,Warriors,35-25,0.583,,,,,,,,,,,,,,,,,
2010-11,76ers,41-41,0.5,,,,,,,,,,,,,,,,,
2010-11,Bobcats,34-48,0.415,,,,,,,,,,,,,,,,,
2010-11,Bucks,35-47,0.427,,,,,,,,,,,,,,,,,
2010-11,Bulls,62-20,0.756,,,,,,,,,,,,,,,,,
2010-11,Cavaliers,19-63,0.232,,,,,,,,,,,,,,,,,
2010-11,Celtics,56-26,0.683,,,,,,,,,,,,,,,,,
2010-11,Clippers,32-50,0.39,,,,,,,,,,,,,,,,,
2010-11,Grizzlies,46-36,0.561,,,,,,,,,,,,,,,,,
2010-11,Hawks,44-38,0.537,,,,,,,,,,,,,,,,,
2010-11,Heat,58-24,0.707,,,,,,,,,,,,,,,,,
2010-11,Hornets,46-36,0.561,,,,,,,,,,,,,,,,,
2010-11,Jazz,39-43,0.476,,,,,,,,,,,,,,,,,
2010-11,Kings,24-58,0.293,,,,,,,,,,,,,,,,,
2010-11,Knicks,42-40,0.512,,,,,,,,,,,,,,,,,
2010-11,Lakers,57-25,0.695,,,,,,,,,,,,,,,,,
2010-11,Magic,52-30,0.634,,,,,,,,,,,,,,,,,
2010-11,Mavericks,57-25,0.695,,,,,,,,,,,,,,,,,
2010-11,Nets,24-58,0.293,,,,,,,,,,,,,,,,,
2010-11,Nuggets,50-32,0.61,,,,,,,,,,,,,,,,,
2010-11,Pacers,37-45,0.451,,,,,,,,,,,,,,,,,
2010-11,Pistons,30-52,0.366,,,,,,,,,,,,,,,,,
2010-11,Raptors,22-60,0.268,,,,,,,,,,,,,,,,,
2010-11,Rockets,43-39,0.524,,,,,,,,,,,,,,,,,
2010-11,Spurs,61-21,0.744,,,,,,,,,,,,,,,,,
2010-11,Suns,40-42,0.488,,,,,,,,,,,,,,,,,
2010-11,Thunder,55-27,0.671,,,,,,,,,,,,,,,,,
2010-11,Timberwolves,17-65,0.207,,,,,,,,,,,,,,,,,
2010-11,Trail Blazers,48-34,0.585,,,,,,,,,,,,,,,,,
2010-11,Warriors,36-46,0.439,,,,,,,,,,,,,,,,,
2010-11,Wizards,23-59,0.28,,,,,,,,,,,,,,,,,
2009-10,76ers,27-55,0.329,,,,,,,,,,,,,,,,,
2009-10,Bobcats,44-38,0.537,,,,,,,,,,,,,,,,,
2009-10,Bucks,46-36,0.561,,,,,,,,,,,,,,,,,
2009-10,Bulls,41-41,0.5,,,,,,,,,,,,,,,,,
2009-10,Cavaliers,61-21,0.744,,,,,,,,,,,,,,,,,
2009-10,Celtics,50-32,0.61,,,,,,,,,,,,,,,,,
2009-10,Clippers,29-53,0.354,,,,,,,,,,,,,,,,,
2009-10,Grizzlies,40-42,0.488,,,,,,,,,,,,,,,,,
2009-10,Hawks,53-29,0.646,,,,,,,,,,,,,,,,,
2009-10,Heat,47-35,0.573,,,,,,,,,,,,,,,,,
2009-10,Hornets,37-45,0.451,,,,,,,,,,,,,,,,,
2009-10,Jazz,53-29,0.646,,,,,,,,,,,,,,,,,
2009-10,Kings,25-57,0.305,,,,,,,,,,,,,,,,,
2009-10,Knicks,29-53,0.354,,,,,,,,,,,,,,,,,
2009-10,Lakers,57-25,0.695,,,,,,,,,,,,,,,,,
2009-10,Magic,59-23,0.72,,,,,,,,,,,,,,,,,
2009-10,Mavericks,55-27,0.671,,,,,,,,,,,,,,,,,
2009-10,Nets,12-70,0.146,,,,,,,,,,,,,,,,,
2009-10,Nuggets,53-29,0.646,,,,,,,,,,,,,,,,,
2009-10,Pacers,32-50,0.39,,,,,,,,,,,,,,,,,
2009-10,Pistons,27-55,0.329,,,,,,,,,,,,,,,,,
2009-10,Raptors,40-42,0.488,,,,,,,,,,,,,,,,,
2009-10,Rockets,42-40,0.512,,,,,,,,,,,,,,,,,
2009-10,Spurs,50-32,0.61,,,,,,,,,,,,,,,,,
2009-10,Suns,54-28,0.659,,,,,,,,,,,,,,,,,
2009-10,Thunder,50-32,0.61,,,,,,,,,,,,,,,,,
2009-10,Timberwolves,15-67,0.183,,,,,,,,,,,,,,,,,
2009-10,Trail Blazers,50-32,0.61,,,,,,,,,,,,,,,,,
2009-10,Warriors,26-56,0.317,,,,,,,,,,,,,,,,,
2009-10,Wizards,26-56,0.317,,,,,,,,,,,,,,,,,
2008-09,76ers,41-41,0.5,,,,,,,,,,,,,,,,,
2008-09,Bobcats,35-47,0.427,,,,,,,,,,,,,,,,,
2008-09,Bucks,34-48,0.415,,,,,,,,,,,,,,,,,
2008-09,Bulls,41-41,0.5,,,,,,,,,,,,,,,,,
2008-09,Cavaliers,66-16,0.805,,,,,,,,,,,,,,,,,
2008-09,Celtics,62-20,0.756,,,,,,,,,,,,,,,,,
2008-09,Clippers,19-63,0.232,,,,,,,,,,,,,,,,,
2008-09,Grizzlies,24-58,0.293,,,,,,,,,,,,,,,,,
2008-09,Hawks,47-35,0.573,,,,,,,,,,,,,,,,,
2008-09,Heat,43-39,0.524,,,,,,,,,,,,,,,,,
2008-09,Hornets,49-33,0.598,,,,,,,,,,,,,,,,,
2008-09,Jazz,48-34,0.585,,,,,,,,,,,,,,,,,
2008-09,Kings,17-65,0.207,,,,,,,,,,,,,,,,,
2008-09,Knicks,32-50,0.39,,,,,,,,,,,,,,,,,
2008-09,Lakers,65-17,0.793,,,,,,,,,,,,,,,,,
2008-09,Magic,59-23,0.72,,,,,,,,,,,,,,,,,
2008-09,Mavericks,50-32,0.61,,,,,,,,,,,,,,,,,
2008-09,Nets,34-48,0.415,,,,,,,,,,,,,,,,,
2008-09,Nuggets,54-28,0.659,,,,,,,,,,,,,,,,,
2008-09,Pacers,36-46,0.439,,,,,,,,,,,,,,,,,
2008-09,Pistons,39-43,0.476,,,,,,,,,,,,,,,,,
2008-09,Raptors,33-49,0.402,,,,,,,,,,,,,,,,,
2008-09,Rockets,53-29,0.646,,,,,,,,,,,,,,,,,
2008-09,Spurs,54-28,0.659,,,,,,,,,,,,,,,,,
2008-09,Suns,46-36,0.561,,,,,,,,,,,,,,,,,
2008-09,Thunder,23-59,0.28,,,,,,,,,,,,,,,,,
2008-09,Timberwolves,24-58,0.293,,,,,,,,,,,,,,,,,
2008-09,Trail Blazers,54-28,0.659,,,,,,,,,,,,,,,,,
2008-09,Warriors,29-53,0.354,,,,,,,,,,,,,,,,,
2008-09,Wizards,19-63,0.232,,,,,,,,,,,,,,,,,
2007-08,76ers,40-42,0.488,,,,,,,,,,,,,,,,,
2007-08,Bobcats,32-50,0.39,,,,,,,,,,,,,,,,,
2007-08,Bucks,26-56,0.317,,,,,,,,,,,,,,,,,
2007-08,Bulls,33-49,0.402,,,,,,,,,,,,,,,,,
2007-08,Cavaliers,45-37,0.549,,,,,,,,,,,,,,,,,
2007-08,Celtics,66-16,0.805,,,,,,,,,,,,,,,,,
2007-08,Clippers,23-59,0.28,,,,,,,,,,,,,,,,,
2007-08,Grizzlies,22-60,0.268,,,,,,,,,,,,,,,,,
2007-08,Hawks,37-45,0.451,,,,,,,,,,,,,,,,,
2007-08,Heat,15-67,0.183,,,,,,,,,,,,,,,,,
2007-08,Hornets,56-26,0.683,,,,,,,,,,,,,,,,,
2007-08,Jazz,54-28,0.659,,,,,,,,,,,,,,,,,
2007-08,Kings,38-44,0.463,,,,,,,,,,,,,,,,,
2007-08,Knicks,23-59,0.28,,,,,,,,,,,,,,,,,
2007-08,Lakers,57-25,0.695,,,,,,,,,,,,,,,,,
2007-08,Magic,52-30,0.634,,,,,,,,,,,,,,,,,
2007-08,Mavericks,51-31,0.622,,,,,,,,,,,,,,,,,
2007-08,Nets,34-48,0.415,,,,,,,,,,,,,,,,,
2007-08,Nuggets,50-32,0.61,,,,,,,,,,,,,,,,,
2007-08,Pacers,36-46,0.439,,,,,,,,,,,,,,,,,
2007-08,Pistons,59-23,0.72,,,,,,,,,,,,,,,,,
2007-08,Raptors,41-41,0.5,,,,,,,,,,,,,,,,,
2007-08,Rockets,55-27,0.671,,,,,,,,,,,,,,,,,
2007-08,Spurs,56-26,0.683,,,,,,,,,,,,,,,,,
2007-08,Suns,55-27,0.671,,,,,,,,,,,,,,,,,
2007-08,Supersonics,20-62,0.244,,,,,,,,,,,,,,,,,
2007-08,Timberwolves,22-60,0.268,,,,,,,,,,,,,,,,,
2007-08,Trail Blazers,41-41,0.5,,,,,,,,,,,,,,,,,
2007-08,Warriors,48-34,0.585,,,,,,,,,,,,,,,,,
2007-08,Wizards,43-39,0.524,,,,,,,,,,,,,,,,,
2006-07,76ers,35-47,0.427,,,,,,,,,,,,,,,,,
2006-07,Bobcats,33-49,0.402,,,,,,,,,,,,,,,,,
2006-07,Bucks,28-54,0.341,,,,,,,,,,,,,,,,,
2006-07,Bulls,49-33,0.598,,,,,,,,,,,,,,,,,
2006-07,Cavaliers,50-32,0.61,,,,,,,,,,,,,,,,,
2006-07,Celtics,24-58,0.293,,,,,,,,,,,,,,,,,
2006-07,Clippers,40-42,0.488,,,,,,,,,,,,,,,,,
2006-07,Grizzlies,22-60,0.268,,,,,,,,,,,,,,,,,
2006-07,Hawks,30-52,0.366,,,,,,,,,,,,,,,,,
2006-07,Heat,44-38,0.537,,,,,,,,,,,,,,,,,
2006-07,Hornets,39-43,0.476,,,,,,,,,,,,,,,,,
2006-07,Jazz,51-31,0.622,,,,,,,,,,,,,,,,,
2006-07,Kings,33-49,0.402,,,,,,,,,,,,,,,,,
2006-07,Knicks,33-49,0.402,,,,,,,,,,,,,,,,,
2006-07,Lakers,42-40,0.512,,,,,,,,,,,,,,,,,
2006-07,Magic,40-42,0.488,,,,,,,,,,,,,,,,,
2006-07,Mavericks,67-15,0.817,,,,,,,,,,,,,,,,,
2006-07,Nets,41-41,0.5,,,,,,,,,,,,,,,,,
2006-07,Nuggets,45-37,0.549,,,,,,,,,,,,,,,,,
2006-07,Pacers,35-47,0.427,,,,,,,,,,,,,,,,,
2006-07,Pistons,53-29,0.646,,,,,,,,,,,,,,,,,
2006-07,Raptors,47-35,0.573,,,,,,,,,,,,,,,,,
2006-07,Rockets,52-30,0.634,,,,,,,,,,,,,,,,,
2006-07,Spurs,58-24,0.707,,,,,,,,,,,,,,,,,
2006-07,Suns,61-21,0.744,,,,,,,,,,,,,,,,,
2006-07,Supersonics,31-51,0.378,,,,,,,,,,,,,,,,,
2006-07,Timberwolves,32-50,0.39,,,,,,,,,,,,,,,,,
2006-07,Trail Blazers,32-50,0.39,,,,,,,,,,,,,,,,,
2006-07,Warriors,42-40,0.512,,,,,,,,,,,,,,,,,
2006-07,Wizards,41-41,0.5,,,,,,,,,,,,,,,,,
2005-06,76ers,38-44,0.463,,,,,,,,,,,,,,,,,
2005-06,Bobcats,26-56,0.317,,,,,,,,,,,,,,,,,
2005-06,Bucks,40-42,0.488,,,,,,,,,,,,,,,,,
2005-06,Bulls,41-41,0.5,,,,,,,,,,,,,,,,,
2005-06,Cavaliers,50-32,0.61,,,,,,,,,,,,,,,,,
2005-06,Celtics,33-49,0.402,,,,,,,,,,,,,,,,,
2005-06,Clippers,47-35,0.573,,,,,,,,,,,,,,,,,
2005-06,Grizzlies,49-33,0.598,,,,,,,,,,,,,,,,,
2005-06,Hawks,26-56,0.317,,,,,,,,,,,,,,,,,
2005-06,Heat,52-30,0.634,,,,,,,,,,,,,,,,,
2005-06,Hornets,38-44,0.463,,,,,,,,,,,,,,,,,
2005-06,Jazz,41-41,0.5,,,,,,,,,,,,,,,,,
2005-06,Kings,44-38,0.537,,,,,,,,,,,,,,,,,
2005-06,Knicks,23-59,0.28,,,,,,,,,,,,,,,,,
2005-06,Lakers,45-37,0.549,,,,,,,,,,,,,,,,,
2005-06,Magic,36-46,0.439,,,,,,,,,,,,,,,,,
2005-06,Mavericks,60-22,0.732,,,,,,,,,,,,,,,,,
2005-06,Nets,49-33,0.598,,,,,,,,,,,,,,,,,
2005-06,Nuggets,44-38,0.537,,,,,,,,,,,,,,,,,
2005-06,Pacers,41-41,0.5,,,,,,,,,,,,,,,,,
2005-06,Pistons,64-18,0.78,,,,,,,,,,,,,,,,,
2005-06,Raptors,27-55,0.329,,,,,,,,,,,,,,,,,
2005-06,Rockets,34-48,0.415,,,,,,,,,,,,,,,,,
2005-06,Spurs,63-19,0.768,,,,,,,,,,,,,,,,,
2005-06,Suns,54-28,0.659,,,,,,,,,,,,,,,,,
2005-06,Supersonics,35-47,0.427,,,,,,,,,,,,,,,,,
2005-06,Timberwolves,33-49,0.402,,,,,,,,,,,,,,,,,
2005-06,Trail Blazers,21-61,0.256,,,,,,,,,,,,,,,,,
2005-06,Warriors,34-48,0.415,,,,,,,,,,,,,,,,,
2005-06,Wizards,42-40,0.512,,,,,,,,,,,,,,,,,
2004-05,76ers,43-39,0.524,,,,,,,,,,,,,,,,,
2004-05,Bobcats,18-64,0.22,,,,,,,,,,,,,,,,,
2004-05,Bucks,30-52,0.366,,,,,,,,,,,,,,,,,
2004-05,Bulls,47-35,0.573,,,,,,,,,,,,,,,,,
2004-05,Cavaliers,42-40,0.512,,,,,,,,,,,,,,,,,
2004-05,Celtics,45-37,0.549,,,,,,,,,,,,,,,,,
2004-05,Clippers,37-45,0.451,,,,,,,,,,,,,,,,,
2004-05,Grizzlies,45-37,0.549,,,,,,,,,,,,,,,,,
2004-05,Hawks,13-69,0.159,,,,,,,,,,,,,,,,,
2004-05,Heat,59-23,0.72,,,,,,,,,,,,,,,,,
2004-05,Hornets,18-64,0.22,,,,,,,,,,,,,,,,,
2004-05,Jazz,26-56,0.317,,,,,,,,,,,,,,,,,
2004-05,Kings,50-32,0.61,,,,,,,,,,,,,,,,,
2004-05,Knicks,33-49,0.402,,,,,,,,,,,,,,,,,
2004-05,Lakers,34-48,0.415,,,,,,,,,,,,,,,,,
2004-05,Magic,36-46,0.439,,,,,,,,,,,,,,,,,
2004-05,Mavericks,58-24,0.707,,,,,,,,,,,,,,,,,
2004-05,Nets,42-40,0.512,,,,,,,,,,,,,,,,,
2004-05,Nuggets,49-33,0.598,,,,,,,,,,,,,,,,,
2004-05,Pacers,44-38,0.537,,,,,,,,,,,,,,,,,
2004-05,Pistons,54-28,0.659,,,,,,,,,,,,,,,,,
2004-05,Raptors,33-49,0.402,,,,,,,,,,,,,,,,,
2004-05,Rockets,51-31,0.622,,,,,,,,,,,,,,,,,
2004-05,Spurs,59-23,0.72,,,,,,,,,,,,,,,,,
2004-05,Suns,62-20,0.756,,,,,,,,,,,,,,,,,
2004-05,Supersonics,52-30,0.634,,,,,,,,,,,,,,,,,
2004-05,Timberwolves,44-38,0.537,,,,,,,,,,,,,,,,,
2004-05,Trail Blazers,27-55,0.329,,,,,,,,,,,,,,,,,
2004-05,Warriors,34-48,0.415,,,,,,,,,,,,,,,,,
2004-05,Wizards,45-37,0.549,,,,,,,,,,,,,,,,,
2003-04,76ers,33-49,0.402,,,,,,,,,,,,,,,,,
2003-04,Bucks,41-41,0.5,,,,,,,,,,,,,,,,,
2003-04,Bulls,23-59,0.28,,,,,,,,,,,,,,,,,
2003-04,Cavaliers,35-47,0.427,,,,,,,,,,,,,,,,,
2003-04,Celtics,36-46,0.439,,,,,,,,,,,,,,,,,
2003-04,Clippers,28-54,0.341,,,,,,,,,,,,,,,,,
2003-04,Grizzlies,50-32,0.61,,,,,,,,,,,,,,,,,
2003-04,Hawks,28-54,0.341,,,,,,,,,,,,,,,,,
2003-04,Heat,42-40,0.512,,,,,,,,,,,,,,,,,
2003-04,Hornets,41-41,0.5,,,,,,,,,,,,,,,,,
2003-04,Jazz,42-40,0.512,,,,,,,,,,,,,,,,,
2003-04,Kings,55-27,0.671,,,,,,,,,,,,,,,,,
2003-04,Knicks,39-43,0.476,,,,,,,,,,,,,,,,,
2003-04,Lakers,56-26,0.683,,,,,,,,,,,,,,,,,
2003-04,Magic,21-61,0.256,,,,,,,,,,,,,,,,,
2003-04,Mavericks,52-30,0.634,,,,,,,,,,,,,,,,,
2003-04,Nets,47-35,0.573,,,,,,,,,,,,,,,,,
2003-04,Nuggets,43-39,0.524,,,,,,,,,,,,,,,,,
2003-04,Pacers,61-21,0.744,,,,,,,,,,,,,,,,,
2003-04,Pistons,54-28,0.659,,,,,,,,,,,,,,,,,
2003-04,Raptors,33-49,0.402,,,,,,,,,,,,,,,,,
2003-04,Rockets,45-37,0.549,,,,,,,,,,,,,,,,,
2003-04,Spurs,57-25,0.695,,,,,,,,,,,,,,,,,
2003-04,Suns,29-53,0.354,,,,,,,,,,,,,,,,,
2003-04,Supersonics,37-45,0.451,,,,,,,,,,,,,,,,,
2003-04,Timberwolves,58-24,0.707,,,,,,,,,,,,,,,,,
2003-04,Trail Blazers,41-41,0.5,,,,,,,,,,,,,,,,,
2003-04,Warriors,37-45,0.451,,,,,,,,,,,,,,,,,
2003-04,Wizards,25-57,0.305,,,,,,,,,,,,,,,,,
2002-03,76ers,48-34,0.585,,,,,,,,,,,,,,,,,
2002-03,Bucks,42-40,0.512,,,,,,,,,,,,,,,,,
2002-03,Bulls,30-52,0.366,,,,,,,,,,,,,,,,,
2002-03,Cavaliers,17-65,0.207,,,,,,,,,,,,,,,,,
2002-03,Celtics,44-38,0.537,,,,,,,,,,,,,,,,,
2002-03,Clippers,27-55,0.329,,,,,,,,,,,,,,,,,
2002-03,Grizzlies,28-54,0.341,,,,,,,,,,,,,,,,,
2002-03,Hawks,35-47,0.427,,,,,,,,,,,,,,,,,
2002-03,Heat,25-57,0.305,,,,,,,,,,,,,,,,,
2002-03,Hornets,47-35,0.573,,,,,,,,,,,,,,,,,
2002-03,Jazz,47-35,0.573,,,,,,,,,,,,,,,,,
2002-03,Kings,59-23,0.72,,,,,,,,,,,,,,,,,
2002-03,Knicks,37-45,0.451,,,,,,,,,,,,,,,,,
2002-03,Lakers,50-32,0.61,,,,,,,,,,,,,,,,,
2002-03,Magic,42-40,0.512,,,,,,,,,,,,,,,,,
2002-03,Mavericks,60-22,0.732,,,,,,,,,,,,,,,,,
2002-03,Nets,49-33,0.598,,,,,,,,,,,,,,,,,
2002-03,Nuggets,17-65,0.207,,,,,,,,,,,,,,,,,
2002-03,Pacers,48-34,0.585,,,,,,,,,,,,,,,,,
2002-03,Pistons,50-32,0.61,,,,,,,,,,,,,,,,,
2002-03,Raptors,24-58,0.293,,,,,,,,,,,,,,,,,
2002-03,Rockets,43-39,0.524,,,,,,,,,,,,,,,,,
2002-03,Spurs,60-22,0.732,,,,,,,,,,,,,,,,,
2002-03,Suns,44-38,0.537,,,,,,,,,,,,,,,,,
2002-03,Supersonics,40-42,0.488,,,,,,,,,,,,,,,,,
2002-03,Timberwolves,51-31,0.622,,,,,,,,,,,,,,,,,
2002-03,Trail Blazers,50-32,0.61,,,,,,,,,,,,,,,,,
2002-03,Warriors,38-44,0.463,,,,,,,,,,,,,,,,,
2002-03,Wizards,37-45,0.451,,,,,,,,,,,,,,,,,
2001-02,76ers,43-39,0.524,,,,,,,,,,,,,,,,,
2001-02,Bucks,41-41,0.5,,,,,,,,,,,,,,,,,
2001-02,Bulls,21-61,0.256,,,,,,,,,,,,,,,,,
2001-02,Cavaliers,29-53,0.354,,,,,,,,,,,,,,,,,
2001-02,Celtics,49-33,0.598,,,,,,,,,,,,,,,,,
2001-02,Clippers,39-43,0.476,,,,,,,,,,,,,,,,,
2001-02,Grizzlies,23-59,0.28,,,,,,,,,,,,,,,,,
2001-02,Hawks,33-49,0.402,,,,,,,,,,,,,,,,,
2001-02,Heat,36-46,0.439,,,,,,,,,,,,,,,,,
2001-02,Hornets,44-38,0.537,,,,,,,,,,,,,,,,,
2001-02,Jazz,44-38,0.537,,,,,,,,,,,,,,,,,
2001-02,Kings,61-21,0.744,,,,,,,,,,,,,,,,,
2001-02,Knicks,30-52,0.366,,,,,,,,,,,,,,,,,
2001-02,Knicks,19-26,0.422,,,,,,,,,,,,,,,,,
2001-02,Lakers,58-24,0.707,,,,,,,,,,,,,,,,,
2001-02,Magic,44-38,0.537,,,,,,,,,,,,,,,,,
2001-02,Mavericks,57-25,0.695,,,,,,,,,,,,,,,,,
2001-02,Nets,52-30,0.634,,,,,,,,,,,,,,,,,
2001-02,Nuggets,27-55,0.329,,,,,,,,,,,,,,,,,
2001-02,Pacers,42-40,0.512,,,,,,,,,,,,,,,,,
2001-02,Pistons,50-32,0.61,,,,,,,,,,,,,,,,,
2001-02,Raptors,42-40,0.512,,,,,,,,,,,,,,,,,
2001-02,Rockets,28-54,0.341,,,,,,,,,,,,,,,,,
2001-02,Spurs,58-24,0.707,,,,,,,,,,,,,,,,,
2001-02,Suns,36-46,0.439,,,,,,,,,,,,,,,,,
2001-02,Supersonics,45-37,0.549,,,,,,,,,,,,,,,,,
2001-02,Timberwolves,50-32,0.61,,,,,,,,,,,,,,,,,
2001-02,Trail Blazers,49-33,0.598,,,,,,,,,,,,,,,,,
2001-02,Warriors,21-61,0.256,,,,,,,,,,,,,,,,,
2001-02,Wizards,37-45,0.451,,,,,,,,,,,,,,,,,
2000-01,76ers,56-26,0.683,,,,,,,,,,,,,,,,,
2000-01,Bucks,52-30,0.634,,,,,,,,,,,,,,,,,
2000-01,Bulls,15-67,0.183,,,,,,,,,,,,,,,,,
2000-01,Cavaliers,30-52,0.366,,,,,,,,,,,,,,,,,
2000-01,Celtics,36-46,0.439,,,,,,,,,,,,,,,,,
2000-01,Clippers,31-51,0.378,,,,,,,,,,,,,,,,,
2000-01,Grizzlies,23-59,0.28,,,,,,,,,,,,,,,,,
2000-01,Hawks,25-57,0.305,,,,,,,,,,,,,,,,,
2000-01,Heat,50-32,0.61,,,,,,,,,,,,,,,,,
2000-01,Hornets,46-36,0.561,,,,,,,,,,,,,,,,,
2000-01,Jazz,53-29,0.646,,,,,,,,,,,,,,,,,
2000-01,Kings,55-27,0.671,,,,,,,,,,,,,,,,,
2000-01,Knicks,32-50,0.39,,,,,,,,,,,,,,,,,
2000-01,Knicks,48-34,0.585,,,,,,,,,,,,,,,,,
2000-01,Lakers,56-26,0.683,,,,,,,,,,,,,,,,,
2000-01,Magic,43-39,0.524,,,,,,,,,,,,,,,,,
2000-01,Mavericks,53-29,0.646,,,,,,,,,,,,,,,,,
2000-01,Nets,26-56,0.317,,,,,,,,,,,,,,,,,
2000-01,Nuggets,40-42,0.488,,,,,,,,,,,,,,,,,
2000-01,Pacers,41-41,0.5,,,,,,,,,,,,,,,,,
2000-01,Pistons,32-50,0.39,,,,,,,,,,,,,,,,,
2000-01,Raptors,47-35,0.573,,,,,,,,,,,,,,,,,
2000-01,Rockets,45-37,0.549,,,,,,,,,,,,,,,,,
2000-01,Spurs,58-24,0.707,,,,,,,,,,,,,,,,,
2000-01,Suns,51-31,0.622,,,,,,,,,,,,,,,,,
2000-01,Supersonics,44-38,0.537,,,,,,,,,,,,,,,,,
2000-01,Timberwolves,47-35,0.573,,,,,,,,,,,,,,,,,
2000-01,Trail Blazers,50-32,0.61,,,,,,,,,,,,,,,,,
2000-01,Warriors,17-65,0.207,,,,,,,,,,,,,,,,,
2000-01,Wizards,19-63,0.232,,,,,,,,,,,,,,,,,
,,,,,,,,,,,,,,,,,,,,
,,,,,,,,,,,,,,,,,,,,
,,,,,,,,,,,,,,,,,,,,
,,,,,,,,,,,,,,,,,,,,
,,,,,,,,,,,,,,,,,,,,
,,,,,,,,,,,,,,,,,,,,
,,,,,,,,,,,,,,,,,,,,
,,,,,,,,,,,,,,,,,,,,
,,,,,,,,,,,,,,,,,,,,
,,,,,,,,,,,,,,,,,,,,
,,,,,,,,,,,,,,,,,,,,
,,,,,,,,,,,,,,,,,,,,
,,,,,,,,,,,,,,,,,,,,
,,,,,,,,,,,,,,,,,,,,
,,,,,,,,,,,,,,,,,,,,
,,,,,,,,,,,,,,,,,,,,
,,,,,,,,,,,,,,,,,,,,
,,,,,,,,,,,,,,,,,,,,
,,,,,,,,,,,,,,,,,,,,
,,,,,,,,,,,,,,,,,,,,
,,,,,,,,,,,,,,,,,,,,
,,,,,,,,,,,,,,,,,,,,
,,,,,,,,,,,,,,,,,,,,
,,,,,,,,,,,,,,,,,,,,
,,,,,,,,,,,,,,,,,,,,
,,,,,,,,,,,,,,,,,,,,
,,,,,,,,,,,,,,,,,,,,
,,,,,,,,,,,,,,,,,,,,
,,,,,,,,,,,,,,,,,,,,
,,,,,,,,,,,,,,,,,,,,
,,,,,,,,,,,,,,,,,,,,
,,,,,,,,,,,,,,,,,,,,
,,,,,,,,,,,,,,,,,,,,
,,,,,,,,,,,,,,,,,,,,
,,,,,,,,,,,,,,,,,,,,
,,,,,,,,,,,,,,,,,,,,
,,,,,,,,,,,,,,,,,,,,
,,,,,,,,,,,,,,,,,,,,
,,,,,,,,,,,,,,,,,,,,
,,,,,,,,,,,,,,,,,,,,
,,,,,,,,,,,,,,,,,,,,
,,,,,,,,,,,,,,,,,,,,
,,,,,,,,,,,,,,,,,,,,
,,,,,,,,,,,,,,,,,,,,
,,,,,,,,,,,,,,,,,,,,
,,,,,,,,,,,,,,,,,,,,
,,,,,,,,,,,,,,,,,,,,
,,,,,,,,,,,,,,,,,,,,
,,,,,,,,,,,,,,,,,,,,
,,,,,,,,,,,,,,,,,,,,
,,,,,,,,,,,,,,,,,,,,
,,,,,,,,,,,,,,,,,,,,
,,,,,,,,,,,,,,,,,,,,
,,,,,,,,,,,,,,,,,,,,
,,,,,,,,,,,,,,,,,,,,
,,,,,,,,,,,,,,,,,,,,
,,,,,,,,,,,,,,,,,,,,
,,,,,,,,,,,,,,,,,,,,
,,,,,,,,,,,,,,,,,,,,
,,,,,,,,,,,,,,,,,,,,
,,,,,,,,,,,,,,,,,,,,
,,,,,,,,,,,,,,,,,,,,
,,,,,,,,,,,,,,,,,,,,
,,,,,,,,,,,,,,,,,,,,
,,,,,,,,,,,,,,,,,,,,
,,,,,,,,,,,,,,,,,,,,
,,,,,,,,,,,,,,,,,,,,
,,,,,,,,,,,,,,,,,,,,
,,,,,,,,,,,,,,,,,,,,
,,,,,,,,,,,,,,,,,,,,
,,,,,,,,,,,,,,,,,,,,
,,,,,,,,,,,,,,,,,,,,
,,,,,,,,,,,,,,,,,,,,
,,,,,,,,,,,,,,,,,,,,
,,,,,,,,,,,,,,,,,,,,
,,,,,,,,,,,,,,,,,,,,
,,,,,,,,,,,,,,,,,,,,
,,,,,,,,,,,,,,,,,,,,
,,,,,,,,,,,,,,,,,,,,
,,,,,,,,,,,,,,,,,,,,
,,,,,,,,,,,,,,,,,,,,
,,,,,,,,,,,,,,,,,,,,
,,,,,,,,,,,,,,,,,,,,
,,,,,,,,,,,,,,,,,,,,
,,,,,,,,,,,,,,,,,,,,
,,,,,,,,,,,,,,,,,,,,
,,,,,,,,,,,,,,,,,,,,
,,,,,,,,,,,,,,,,,,,,
,,,,,,,,,,,,,,,,,,,,
,,,,,,,,,,,,,,,,,,,,
,,,,,,,,,,,,,,,,,,,,
,,,,,,,,,,,,,,,,,,,,
,,,,,,,,,,,,,,,,,,,,
,,,,,,,,,,,,,,,,,,,,
,,,,,,,,,,,,,,,,,,,,
,,,,,,,,,,,,,,,,,,,,
,,,,,,,,,,,,,,,,,,,,
,,,,,,,,,,,,,,,,,,,,
,,,,,,,,,,,,,,,,,,,,
,,,,,,,,,,,,,,,,,,,,
,,,,,,,,,,,,,,,,,,,,
,,,,,,,,,,,,,,,,,,,,
,,,,,,,,,,,,,,,,,,,,
,,,,,,,,,,,,,,,,,,,,
,,,,,,,,,,,,,,,,,,,,
,,,,,,,,,,,,,,,,,,,,
,,,,,,,,,,,,,,,,,,,,
,,,,,,,,,,,,,,,,,,,,
,,,,,,,,,,,,,,,,,,,,
,,,,,,,,,,,,,,,,,,,,
,,,,,,,,,,,,,,,,,,,,
,,,,,,,,,,,,,,,,,,,,
,,,,,,,,,,,,,,,,,,,,
,,,,,,,,,,,,,,,,,,,,
,,,,,,,,,,,,,,,,,,,,
,,,,,,,,,,,,,,,,,,,,
,,,,,,,,,,,,,,,,,,,,
,,,,,,,,,,,,,,,,,,,,
,,,,,,,,,,,,,,,,,,,,
,,,,,,,,,,,,,,,,,,,,
,,,,,,,,,,,,,,,,,,,,
,,,,,,,,,,,,,,,,,,,,
,,,,,,,,,,,,,,,,,,,,
,,,,,,,,,,,,,,,,,,,,
,,,,,,,,,,,,,,,,,,,,
,,,,,,,,,,,,,,,,,,,,
,,,,,,,,,,,,,,,,,,,,
,,,,,,,,,,,,,,,,,,,,
,,,,,,,,,,,,,,,,,,,,
,,,,,,,,,,,,,,,,,,,,
,,,,,,,,,,,,,,,,,,,,
,,,,,,,,,,,,,,,,,,,,
,,,,,,,,,,,,,,,,,,,,
,,,,,,,,,,,,,,,,,,,,
,,,,,,,,,,,,,,,,,,,,
,,,,,,,,,,,,,,,,,,,,
,,,,,,,,,,,,,,,,,,,,
,,,,,,,,,,,,,,,,,,,,
,,,,,,,,,,,,,,,,,,,,
,,,,,,,,,,,,,,,,,,,,
,,,,,,,,,,,,,,,,,,,,
,,,,,,,,,,,,,,,,,,,,
,,,,,,,,,,,,,,,,,,,,
,,,,,,,,,,,,,,,,,,,,
,,,,,,,,,,,,,,,,,,,,
,,,,,,,,,,,,,,,,,,,,
,,,,,,,,,,,,,,,,,,,,
,,,,,,,,,,,,,,,,,,,,
,,,,,,,,,,,,,,,,,,,,
,,,,,,,,,,,,,,,,,,,,
,,,,,,,,,,,,,,,,,,,,
,,,,,,,,,,,,,,,,,,,,
,,,,,,,,,,,,,,,,,,,,
,,,,,,,,,,,,,,,,,,,,
,,,,,,,,,,,,,,,,,,,,
,,,,,,,,,,,,,,,,,,,,
,,,,,,,,,,,,,,,,,,,,
,,,,,,,,,,,,,,,,,,,,
,,,,,,,,,,,,,,,,,,,,
,,,,,,,,,,,,,,,,,,,,
,,,,,,,,,,,,,,,,,,,,
,,,,,,,,,,,,,,,,,,,,
,,,,,,,,,,,,,,,,,,,,
,,,,,,,,,,,,,,,,,,,,
,,,,,,,,,,,,,,,,,,,,
,,,,,,,,,,,,,,,,,,,,
,,,,,,,,,,,,,,,,,,,,
,,,,,,,,,,,,,,,,,,,,
,,,,,,,,,,,,,,,,,,,,
,,,,,,,,,,,,,,,,,,,,
,,,,,,,,,,,,,,,,,,,,
,,,,,,,,,,,,,,,,,,,,
,,,,,,,,,,,,,,,,,,,,
,,,,,,,,,,,,,,,,,,,,
,,,,,,,,,,,,,,,,,,,,
,,,,,,,,,,,,,,,,,,,,
,,,,,,,,,,,,,,,,,,,,
,,,,,,,,,,,,,,,,,,,,
,,,,,,,,,,,,,,,,,,,,
,,,,,,,,,,,,,,,,,,,,
,,,,,,,,,,,,,,,,,,,,
,,,,,,,,,,,,,,,,,,,,
,,,,,,,,,,,,,,,,,,,,
,,,,,,,,,,,,,,,,,,,,
,,,,,,,,,,,,,,,,,,,,
,,,,,,,,,,,,,,,,,,,,
,,,,,,,,,,,,,,,,,,,,
,,,,,,,,,,,,,,,,,,,,
,,,,,,,,,,,,,,,,,,,,
,,,,,,,,,,,,,,,,,,,,
,,,,,,,,,,,,,,,,,,,,
,,,,,,,,,,,,,,,,,,,,
,,,,,,,,,,,,,,,,,,,,
,,,,,,,,,,,,,,,,,,,,
,,,,,,,,,,,,,,,,,,,,
,,,,,,,,,,,,,,,,,,,,
,,,,,,,,,,,,,,,,,,,,
,,,,,,,,,,,,,,,,,,,,
,,,,,,,,,,,,,,,,,,,,
,,,,,,,,,,,,,,,,,,,,
,,,,,,,,,,,,,,,,,,,,
,,,,,,,,,,,,,,,,,,,,
,,,,,,,,,,,,,,,,,,,,
,,,,,,,,,,,,,,,,,,,,
,,,,,,,,,,,,,,,,,,,,
,,,,,,,,,,,,,,,,,,,,
,,,,,,,,,,,,,,,,,,,,
,,,,,,,,,,,,,,,,,,,,
,,,,,,,,,,,,,,,,,,,,
,,,,,,,,,,,,,,,,,,,,
,,,,,,,,,,,,,,,,,,,,
,,,,,,,,,,,,,,,,,,,,
,,,,,,,,,,,,,,,,,,,,
,,,,,,,,,,,,,,,,,,,,
,,,,,,,,,,,,,,,,,,,,
,,,,,,,,,,,,,,,,,,,,
,,,,,,,,,,,,,,,,,,,,
,,,,,,,,,,,,,,,,,,,,
,,,,,,,,,,,,,,,,,,,,
,,,,,,,,,,,,,,,,,,,,
,,,,,,,,,,,,,,,,,,,,
,,,,,,,,,,,,,,,,,,,,
,,,,,,,,,,,,,,,,,,,,
,,,,,,,,,,,,,,,,,,,,
,,,,,,,,,,,,,,,,,,,,
,,,,,,,,,,,,,,,,,,,,
,,,,,,,,,,,,,,,,,,,,
,,,,,,,,,,,,,,,,,,,,
,,,,,,,,,,,,,,,,,,,,
,,,,,,,,,,,,,,,,,,,,
,,,,,,,,,,,,,,,,,,,,
,,,,,,,,,,,,,,,,,,,,
,,,,,,,,,,,,,,,,,,,,
,,,,,,,,,,,,,,,,,,,,
,,,,,,,,,,,,,,,,,,,,
,,,,,,,,,,,,,,,,,,,,
,,,,,,,,,,,,,,,,,,,,
,,,,,,,,,,,,,,,,,,,,
,,,,,,,,,,,,,,,,,,,,
,,,,,,,,,,,,,,,,,,,,
,,,,,,,,,,,,,,,,,,,,
,,,,,,,,,,,,,,,,,,,,
,,,,,,,,,,,,,,,,,,,,
,,,,,,,,,,,,,,,,,,,,
,,,,,,,,,,,,,,,,,,,,
,,,,,,,,,,,,,,,,,,,,
,,,,,,,,,,,,,,,,,,,,
,,,,,,,,,,,,,,,,,,,,
,,,,,,,,,,,,,,,,,,,,
,,,,,,,,,,,,,,,,,,,,
,,,,,,,,,,,,,,,,,,,,
,,,,,,,,,,,,,,,,,,,,
,,,,,,,,,,,,,,,,,,,,
,,,,,,,,,,,,,,,,,,,,
,,,,,,,,,,,,,,,,,,,,
,,,,,,,,,,,,,,,,,,,,
,,,,,,,,,,,,,,,,,,,,
,,,,,,,,,,,,,,,,,,,,
,,,,,,,,,,,,,,,,,,,,
,,,,,,,,,,,,,,,,,,,,
,,,,,,,,,,,,,,,,,,,,
,,,,,,,,,,,,,,,,,,,,
,,,,,,,,,,,,,,,,,,,,
,,,,,,,,,,,,,,,,,,,,
,,,,,,,,,,,,,,,,,,,,
,,,,,,,,,,,,,,,,,,,,
,,,,,,,,,,,,,,,,,,,,
,,,,,,,,,,,,,,,,,,,,
,,,,,,,,,,,,,,,,,,,,
,,,,,,,,,,,,,,,,,,,,
,,,,,,,,,,,,,,,,,,,,
,,,,,,,,,,,,,,,,,,,,
,,,,,,,,,,,,,,,,,,,,
,,,,,,,,,,,,,,,,,,,,
,,,,,,,,,,,,,,,,,,,,
,,,,,,,,,,,,,,,,,,,,
,,,,,,,,,,,,,,,,,,,,
,,,,,,,,,,,,,,,,,,,,
,,,,,,,,,,,,,,,,,,,,
,,,,,,,,,,,,,,,,,,,,
,,,,,,,,,,,,,,,,,,,,
,,,,,,,,,,,,,,,,,,,,
,,,,,,,,,,,,,,,,,,,,
,,,,,,,,,,,,,,,,,,,,
,,,,,,,,,,,,,,,,,,,,
,,,,,,,,,,,,,,,,,,,,
,,,,,,,,,,,,,,,,,,,,
,,,,,,,,,,,,,,,,,,,,
,,,,,,,,,,,,,,,,,,,,
,,,,,,,,,,,,,,,,,,,,
,,,,,,,,,,,,,,,,,,,,
,,,,,,,,,,,,,,,,,,,,
,,,,,,,,,,,,,,,,,,,,
,,,,,,,,,,,,,,,,,,,,
,,,,,,,,,,,,,,,,,,,,
,,,,,,,,,,,,,,,,,,,,
,,,,,,,,,,,,,,,,,,,,
,,,,,,,,,,,,,,,,,,,,
,,,,,,,,,,,,,,,,,,,,
,,,,,,,,,,,,,,,,,,,,
,,,,,,,,,,,,,,,,,,,,
,,,,,,,,,,,,,,,,,,,,
,,,,,,,,,,,,,,,,,,,,
,,,,,,,,,,,,,,,,,,,,
,,,,,,,,,,,,,,,,,,,,
,,,,,,,,,,,,,,,,,,,,
,,,,,,,,,,,,,,,,,,,,
,,,,,,,,,,,,,,,,,,,,
,,,,,,,,,,,,,,,,,,,,
,,,,,,,,,,,,,,,,,,,,
,,,,,,,,,,,,,,,,,,,,
,,,,,,,,,,,,,,,,,,,,
,,,,,,,,,,,,,,,,,,,,
,,,,,,,,,,,,,,,,,,,,
,,,,,,,,,,,,,,,,,,,,
,,,,,,,,,,,,,,,,,,,,
,,,,,,,,,,,,,,,,,,,,
,,,,,,,,,,,,,,,,,,,,
,,,,,,,,,,,,,,,,,,,,
,,,,,,,,,,,,,,,,,,,,
,,,,,,,,,,,,,,,,,,,,
,,,,,,,,,,,,,,,,,,,,
,,,,,,,,,,,,,,,,,,,,
,,,,,,,,,,,,,,,,,,,,
,,,,,,,,,,,,,,,,,,,,
,,,,,,,,,,,,,,,,,,,,
,,,,,,,,,,,,,,,,,,,,
,,,,,,,,,,,,,,,,,,,,
,,,,,,,,,,,,,,,,,,,,
,,,,,,,,,,,,,,,,,,,,
,,,,,,,,,,,,,,,,,,,,
,,,,,,,,,,,,,,,,,,,,
,,,,,,,,,,,,,,,,,,,,
,,,,,,,,,,,,,,,,,,,,
,,,,,,,,,,,,,,,,,,,,
,,,,,,,,,,,,,,,,,,,,
,,,,,,,,,,,,,,,,,,,,
,,,,,,,,,,,,,,,,,,,,
,,,,,,,,,,,,,,,,,,,,
,,,,,,,,,,,,,,,,,,,,
,,,,,,,,,,,,,,,,,,,,
,,,,,,,,,,,,,,,,,,,,
,,,,,,,,,,,,,,,,,,,,
,,,,,,,,,,,,,,,,,,,,
,,,,,,,,,,,,,,,,,,,,
,,,,,,,,,,,,,,,,,,,,
,,,,,,,,,,,,,,,,,,,,
,,,,,,,,,,,,,,,,,,,,
,,,,,,,,,,,,,,,,,,,,
,,,,,,,,,,,,,,,,,,,,
,,,,,,,,,,,,,,,,,,,,
,,,,,,,,,,,,,,,,,,,,
,,,,,,,,,,,,,,,,,,,,
,,,,,,,,,,,,,,,,,,,,
,,,,,,,,,,,,,,,,,,,,
,,,,,,,,,,,,,,,,,,,,
,,,,,,,,,,,,,,,,,,,,
,,,,,,,,,,,,,,,,,,,,
,,,,,,,,,,,,,,,,,,,,
,,,,,,,,,,,,,,,,,,,,
,,,,,,,,,,,,,,,,,,,,
,,,,,,,,,,,,,,,,,,,,
,,,,,,,,,,,,,,,,,,,,
,,,,,,,,,,,,,,,,,,,,
,,,,,,,,,,,,,,,,,,,,
,,,,,,,,,,,,,,,,,,,,
,,,,,,,,,,,,,,,,,,,,
,,,,,,,,,,,,,,,,,,,,
,,,,,,,,,,,,,,,,,,,,
,,,,,,,,,,,,,,,,,,,,
,,,,,,,,,,,,,,,,,,,,
,,,,,,,,,,,,,,,,,,,,
,,,,,,,,,,,,,,,,,,,,
,,,,,,,,,,,,,,,,,,,,
,,,,,,,,,,,,,,,,,,,,
,,,,,,,,,,,,,,,,,,,,
,,,,,,,,,,,,,,,,,,,,
,,,,,,,,,,,,,,,,,,,,
,,,,,,,,,,,,,,,,,,,,
,,,,,,,,,,,,,,,,,,,,
,,,,,,,,,,,,,,,,,,,,
,,,,,,,,,,,,,,,,,,,,
,,,,,,,,,,,,,,,,,,,,
,,,,,,,,,,,,,,,,,,,,
,,,,,,,,,,,,,,,,,,,,
,,,,,,,,,,,,,,,,,,,,
,,,,,,,,,,,,,,,,,,,,
,,,,,,,,,,,,,,,,,,,,
,,,,,,,,,,,,,,,,,,,,
,,,,,,,,,,,,,,,,,,,,
,,,,,,,,,,,,,,,,,,,,
,,,,,,,,,,,,,,,,,,,,
,,,,,,,,,,,,,,,,,,,,
,,,,,,,,,,,,,,,,,,,,
,,,,,,,,,,,,,,,,,,,,
,,,,,,,,,,,,,,,,,,,,
,,,,,,,,,,,,,,,,,,,,
,,,,,,,,,,,,,,,,,,,,
,,,,,,,,,,,,,,,,,,,,
,,,,,,,,,,,,,,,,,,,,
,,,,,,,,,,,,,,,,,,,,
,,,,,,,,,,,,,,,,,,,,
,,,,,,,,,,,,,,,,,,,,
,,,,,,,,,,,,,,,,,,,,
,,,,,,,,,,,,,,,,,,,,
,,,,,,,,,,,,,,,,,,,,
,,,,,,,,,,,,,,,,,,,,
,,,,,,,,,,,,,,,,,,,,
,,,,,,,,,,,,,,,,,,,,
,,,,,,,,,,,,,,,,,,,,
,,,,,,,,,,,,,,,,,,,,
,,,,,,,,,,,,,,,,,,,,
,,,,,,,,,,,,,,,,,,,,
,,,,,,,,,,,,,,,,,,,,
,,,,,,,,,,,,,,,,,,,,
,,,,,,,,,,,,,,,,,,,,
,,,,,,,,,,,,,,,,,,,,
,,,,,,,,,,,,,,,,,,,,
,,,,,,,,,,,,,,,,,,,,
,,,,,,,,,,,,,,,,,,,,
,,,,,,,,,,,,,,,,,,,,
,,,,,,,,,,,,,,,,,,,,
,,,,,,,,,,,,,,,,,,,,
,,,,,,,,,,,,,,,,,,,,
,,,,,,,,,,,,,,,,,,,,
,,,,,,,,,,,,,,,,,,,,
,,,,,,,,,,,,,,,,,,,,
,,,,,,,,,,,,,,,,,,,,
,,,,,,,,,,,,,,,,,,,,
,,,,,,,,,,,,,,,,,,,,
,,,,,,,,,,,,,,,,,,,,
,,,,,,,,,,,,,,,,,,,,
,,,,,,,,,,,,,,,,,,,,
,,,,,,,,,,,,,,,,,,,,
,,,,,,,,,,,,,,,,,,,,
,,,,,,,,,,,,,,,,,,,,
,,,,,,,,,,,,,,,,,,,,
,,,,,,,,,,,,,,,,,,,,
,,,,,,,,,,,,,,,,,,,,
,,,,,,,,,,,,,,,,,,,,
,,,,,,,,,,,,,,,,,,,,
,,,,,,,,,,,,,,,,,,,,
,,,,,,,,,,,,,,,,,,,,
,,,,,,,,,,,,,,,,,,,,
,,,,,,,,,,,,,,,,,,,,
,,,,,,,,,,,,,,,,,,,,
,,,,,,,,,,,,,,,,,,,,
,,,,,,,,,,,,,,,,,,,,
,,,,,,,,,,,,,,,,,,,,
,,,,,,,,,,,,,,,,,,,,
,,,,,,,,,,,,,,,,,,,,
,,,,,,,,,,,,,,,,,,,,
,,,,,,,,,,,,,,,,,,,,
,,,,,,,,,,,,,,,,,,,,
,,,,,,,,,,,,,,,,,,,,
,,,,,,,,,,,,,,,,,,,,
,,,,,,,,,,,,,,,,,,,,
,,,,,,,,,,,,,,,,,,,,
,,,,,,,,,,,,,,,,,,,,
,,,,,,,,,,,,,,,,,,,,
,,,,,,,,,,,,,,,,,,,,
,,,,,,,,,,,,,,,,,,,,
,,,,,,,,,,,,,,,,,,,,
,,,,,,,,,,,,,,,,,,,,
,,,,,,,,,,,,,,,,,,,,
,,,,,,,,,,,,,,,,,,,,
,,,,,,,,,,,,,,,,,,,,
,,,,,,,,,,,,,,,,,,,,
,,,,,,,,,,,,,,,,,,,,
,,,,,,,,,,,,,,,,,,,,
,,,,,,,,,,,,,,,,,,,,
,,,,,,,,,,,,,,,,,,,,
,,,,,,,,,,,,,,,,,,,,
,,,,,,,,,,,,,,,,,,,,
,,,,,,,,,,,,,,,,,,,,
,,,,,,,,,,,,,,,,,,,,
,,,,,,,,,,,,,,,,,,,,
,,,,,,,,,,,,,,,,,,,,
,,,,,,,,,,,,,,,,,,,,
,,,,,,,,,,,,,,,,,,,,
,,,,,,,,,,,,,,,,,,,,
,,,,,,,,,,,,,,,,,,,,
,,,,,,,,,,,,,,,,,,,,
,,,,,,,,,,,,,,,,,,,,
,,,,,,,,,,,,,,,,,,,,
,,,,,,,,,,,,,,,,,,,,
,,,,,,,,,,,,,,,,,,,,
,,,,,,,,,,,,,,,,,,,,
,,,,,,,,,,,,,,,,,,,,
,,,,,,,,,,,,,,,,,,,,
,,,,,,,,,,,,,,,,,,,,
,,,,,,,,,,,,,,,,,,,,
,,,,,,,,,,,,,,,,,,,,
,,,,,,,,,,,,,,,,,,,,
,,,,,,,,,,,,,,,,,,,,
,,,,,,,,,,,,,,,,,,,,
,,,,,,,,,,,,,,,,,,,,
,,,,,,,,,,,,,,,,,,,,
,,,,,,,,,,,,,,,,,,,,
,,,,,,,,,,,,,,,,,,,,
,,,,,,,,,,,,,,,,,,,,
,,,,,,,,,,,,,,,,,,,,
,,,,,,,,,,,,,,,,,,,,
,,,,,,,,,,,,,,,,,,,,
,,,,,,,,,,,,,,,,,,,,
,,,,,,,,,,,,,,,,,,,,
,,,,,,,,,,,,,,,,,,,,
,,,,,,,,,,,,,,,,,,,,
,,,,,,,,,,,,,,,,,,,,
,,,,,,,,,,,,,,,,,,,,
,,,,,,,,,,,,,,,,,,,,
,,,,,,,,,,,,,,,,,,,,
,,,,,,,,,,,,,,,,,,,,
,,,,,,,,,,,,,,,,,,,,
,,,,,,,,,,,,,,,,,,,,
,,,,,,,,,,,,,,,,,,,,
,,,,,,,,,,,,,,,,,,,,
,,,,,,,,,,,,,,,,,,,,
,,,,,,,,,,,,,,,,,,,,
,,,,,,,,,,,,,,,,,,,,
,,,,,,,,,,,,,,,,,,,,
,,,,,,,,,,,,,,,,,,,,
,,,,,,,,,,,,,,,,,,,,
,,,,,,,,,,,,,,,,,,,,
,,,,,,,,,,,,,,,,,,,,
,,,,,,,,,,,,,,,,,,,,
,,,,,,,,,,,,,,,,,,,,
,,,,,,,,,,,,,,,,,,,,
,,,,,,,,,,,,,,,,,,,,
,,,,,,,,,,,,,,,,,,,,
,,,,,,,,,,,,,,,,,,,,
,,,,,,,,,,,,,,,,,,,,
,,,,,,,,,,,,,,,,,,,,
,,,,,,,,,,,,,,,,,,,,
,,,,,,,,,,,,,,,,,,,,
,,,,,,,,,,,,,,,,,,,,
,,,,,,,,,,,,,,,,,,,,
,,,,,,,,,,,,,,,,,,,,
,,,,,,,,,,,,,,,,,,,,
,,,,,,,,,,,,,,,,,,,,
,,,,,,,,,,,,,,,,,,,,
,,,,,,,,,,,,,,,,,,,,
,,,,,,,,,,,,,,,,,,,,
,,,,,,,,,,,,,,,,,,,,
,,,,,,,,,,,,,,,,,,,,
,,,,,,,,,,,,,,,,,,,,
,,,,,,,,,,,,,,,,,,,,
,,,,,,,,,,,,,,,,,,,,
,,,,,,,,,,,,,,,,,,,,
,,,,,,,,,,,,,,,,,,,,
,,,,,,,,,,,,,,,,,,,,
,,,,,,,,,,,,,,,,,,,,
,,,,,,,,,,,,,,,,,,,,
,,,,,,,,,,,,,,,,,,,,
,,,,,,,,,,,,,,,,,,,,
,,,,,,,,,,,,,,,,,,,,
,,,,,,,,,,,,,,,,,,,,
,,,,,,,,,,,,,,,,,,,,
,,,,,,,,,,,,,,,,,,,,
,,,,,,,,,,,,,,,,,,,,
,,,,,,,,,,,,,,,,,,,,
,,,,,,,,,,,,,,,,,,,,
,,,,,,,,,,,,,,,,,,,,
,,,,,,,,,,,,,,,,,,,,
,,,,,,,,,,,,,,,,,,,,
,,,,,,,,,,,,,,,,,,,,
,,,,,,,,,,,,,,,,,,,,
,,,,,,,,,,,,,,,,,,,,
,,,,,,,,,,,,,,,,,,,,
,,,,,,,,,,,,,,,,,,,,
,,,,,,,,,,,,,,,,,,,,
,,,,,,,,,,,,,,,,,,,,
,,,,,,,,,,,,,,,,,,,,
,,,,,,,,,,,,,,,,,,,,
,,,,,,,,,,,,,,,,,,,,
,,,,,,,,,,,,,,,,,,,,
,,,,,,,,,,,,,,,,,,,,
,,,,,,,,,,,,,,,,,,,,
,,,,,,,,,,,,,,,,,,,,
,,,,,,,,,,,,,,,,,,,,
,,,,,,,,,,,,,,,,,,,,
,,,,,,,,,,,,,,,,,,,,
,,,,,,,,,,,,,,,,,,,,
,,,,,,,,,,,,,,,,,,,,
,,,,,,,,,,,,,,,,,,,,
,,,,,,,,,,,,,,,,,,,,
,,,,,,,,,,,,,,,,,,,,
,,,,,,,,,,,,,,,,,,,,
,,,,,,,,,,,,,,,,,,,,
,,,,,,,,,,,,,,,,,,,,
,,,,,,,,,,,,,,,,,,,,
,,,,,,,,,,,,,,,,,,,,
,,,,,,,,,,,,,,,,,,,,
,,,,,,,,,,,,,,,,,,,,
,,,,,,,,,,,,,,,,,,,,
,,,,,,,,,,,,,,,,,,,,
,,,,,,,,,,,,,,,,,,,,
,,,,,,,,,,,,,,,,,,,,
,,,,,,,,,,,,,,,,,,,,
,,,,,,,,,,,,,,,,,,,,
,,,,,,,,,,,,,,,,,,,,
,,,,,,,,,,,,,,,,,,,,
,,,,,,,,,,,,,,,,,,,,
,,,,,,,,,,,,,,,,,,,,
,,,,,,,,,,,,,,,,,,,,
